Date,Open,High,Low,Close,Volume,Dividends,Stock Splits,Daily_Change,MA_20,MA_50,MA_20_above_50,yesterday_above,Signal,Portfolio_Value,MA_spread_pct,MA_spread_momentum,price_vs_MA20_pct,price_vs_MA50_pct,returns_1d,returns_5d,returns_20d,volatility_20d
2024-08-15 00:00:00-04:00,174.86000061035156,177.91000366210938,173.99000549316406,177.58999633789062,51698500,0.0,0.0,2.7299957275390625,177.58999633789062,177.58999633789062,False,,HOLD,10000.0,0.0,,0.0,0.0,,,,
2024-08-16 00:00:00-04:00,177.0399932861328,178.33999633789062,176.25999450683594,177.05999755859375,31489200,0.0,0.0,0.0200042724609375,177.3249969482422,177.3249969482422,False,False,HOLD,10000.0,0.0,0.0,-0.1496664369718758,-0.1496664369718758,-0.2984395462729106,,,
2024-08-19 00:00:00-04:00,177.63999938964844,178.3000030517578,176.16000366210938,178.22000122070312,31129800,0.0,0.0,0.5800018310546875,177.62333170572916,177.62333170572916,False,False,HOLD,10000.0,0.0,0.0,0.33479380029577455,0.33479380029577455,0.6551472258579993,,,
2024-08-20 00:00:00-04:00,177.9199981689453,179.00999450683594,177.42999267578125,178.8800048828125,26255200,0.0,0.0,0.9600067138671875,177.9375,177.9375,False,False,HOLD,10000.0,0.0,0.0,0.5268922501595144,0.5268922501595144,0.3703308593809629,,,
2024-08-21 00:00:00-04:00,179.9199981689453,182.38999938964844,178.88999938964844,180.11000061035156,35599100,0.0,0.0,0.19000244140625,178.37200012207032,178.37200012207032,False,False,HOLD,10000.0,0.0,0.0,0.9649661220318464,0.9649661220318464,0.6876093995775934,,,
2024-08-22 00:00:00-04:00,181.3800048828125,181.47000122070312,175.67999267578125,176.1300048828125,32047500,0.0,0.0,-5.25,177.9983342488607,177.9983342488607,False,False,HOLD,10000.0,0.0,0.0,-1.0607672254885097,-1.0607672254885097,-2.2097583221652117,-0.8221135678725289,,
2024-08-23 00:00:00-04:00,177.33999633789062,178.97000122070312,175.24000549316406,177.0399932861328,29150100,0.0,0.0,-0.3000030517578125,177.8614283970424,177.8614283970424,False,False,HOLD,10000.0,0.0,0.0,-0.46398279601264053,-0.46398279601264053,0.5166572293719973,-0.011298019166816609,,
2024-08-26 00:00:00-04:00,176.6999969482422,177.47000122070312,174.3000030517578,175.5,22366200,0.0,0.0,-1.1999969482421875,177.5662498474121,177.5662498474121,False,False,HOLD,10000.0,0.0,0.0,-1.1773503404057604,-1.1773503404057604,-0.869856159361615,-1.526204243111151,,
2024-08-27 00:00:00-04:00,174.14999389648438,174.88999938964844,172.25,173.1199951171875,29842000,0.0,0.0,-1.029998779296875,177.07222154405383,177.07222154405383,False,False,HOLD,10000.0,0.0,0.0,-2.2829404680788095,-2.2829404680788095,-1.3561281383547064,-3.2200411495954984,,
2024-08-28 00:00:00-04:00,173.69000244140625,173.69000244140625,168.9199981689453,170.8000030517578,29045000,0.0,0.0,-2.8899993896484375,176.44499969482422,176.44499969482422,False,False,HOLD,10000.0,0.0,0.0,-3.305033104335363,-3.305033104335363,-1.3401063602498708,-5.169061977149692,,
2024-08-29 00:00:00-04:00,173.22000122070312,174.2899932861328,170.80999755859375,172.1199951171875,26407800,0.0,0.0,-1.100006103515625,176.0518174604936,176.0518174604936,False,False,HOLD,10000.0,0.0,0.0,-2.284349555453521,-2.284349555453521,0.7728290643119529,-2.276732898686429,,
2024-08-30 00:00:00-04:00,172.77999877929688,178.89999389648438,172.60000610351562,178.5,43429400,0.0,0.0,5.720001220703125,176.25583267211914,176.25583267211914,False,False,HOLD,10000.0,0.0,0.0,1.2572365982525824,1.2572365982525824,3.7067191865004956,0.8246762139826336,,
2024-09-03 00:00:00-04:00,177.5500030517578,178.25999450683594,175.25999450683594,176.25,37817500,0.0,0.0,-1.3000030517578125,176.25538400503305,176.25538400503305,False,False,HOLD,10000.0,0.0,0.0,-0.0030547546286812475,-0.0030547546286812475,-1.2605042016806678,0.42735042735042583,,
2024-09-04 00:00:00-04:00,174.47999572753906,175.97999572753906,172.5399932861328,173.3300018310547,30309200,0.0,0.0,-1.149993896484375,176.04642813546317,176.04642813546317,False,False,HOLD,10000.0,0.0,0.0,-1.5671991436636545,-1.5671991436636545,-1.6567365497562103,0.12130702390849013,,
2024-09-05 00:00:00-04:00,175.0,179.8800048828125,175.0,177.88999938964844,40170500,0.0,0.0,2.8899993896484375,176.1693328857422,176.1693328857422,False,False,HOLD,10000.0,0.0,0.0,0.9672643261622111,0.9672643261622111,2.6308183871355473,4.151051645907833,,
2024-09-06 00:00:00-04:00,177.24000549316406,178.3800048828125,171.16000366210938,171.38999938964844,41466500,0.0,0.0,-5.850006103515625,175.87062454223633,175.87062454223633,False,False,HOLD,10000.0,0.0,0.0,-2.6142862293857445,-2.6142862293857445,-3.6539434607352317,-0.42412023486407824,,
2024-09-09 00:00:00-04:00,174.52999877929688,175.85000610351562,173.50999450683594,175.39999389648438,29037400,0.0,0.0,0.8699951171875,175.84294038660386,175.84294038660386,False,False,HOLD,10000.0,0.0,0.0,-0.25253506586830055,-0.25253506586830055,2.3396899008788496,-1.736698097207634,,
2024-09-10 00:00:00-04:00,177.49000549316406,180.5,176.7899932861328,179.5500030517578,36233800,0.0,0.0,2.05999755859375,176.04888831244574,176.04888831244574,False,False,HOLD,10000.0,0.0,0.0,1.9499385573960846,1.9499385573960846,2.3660258265018275,1.8723421570257193,,
2024-09-11 00:00:00-04:00,180.10000610351562,184.99000549316406,175.72999572753906,184.52000427246094,42564700,0.0,0.0,4.4199981689453125,176.4947365208676,176.4947365208676,False,False,HOLD,10000.0,0.0,0.0,4.349267052770755,4.349267052770755,2.768031821904482,6.455894722895805,,
2024-09-12 00:00:00-04:00,184.8000030517578,187.41000366210938,183.5399932861328,187.0,33544200,0.0,0.0,2.1999969482421875,177.0199996948242,177.0199996948242,False,False,HOLD,10000.0,0.0,0.0,5.336898558917536,5.336898558917536,1.3440254011034547,5.121142639613541,,
2024-09-13 00:00:00-04:00,187.0,188.5,185.91000366210938,186.49000549316406,26495400,0.0,0.0,-0.5099945068359375,177.4650001525879,177.47095235188803,False,False,HOLD,10000.0,-0.003353900579931361,-0.003353900579931361,4.839404297678028,4.836212598860496,-0.27272433520638684,8.810319246916132,5.011548701391866,1.9036709883796938
2024-09-16 00:00:00-04:00,185.2899932861328,185.80999755859375,183.36000061035156,184.88999938964844,26065500,0.0,0.0,-0.399993896484375,177.85650024414062,177.8081817626953,True,False,BUY,10000.0,0.027174498364643973,0.030528398944575333,3.8041533715866342,3.8302870086707457,-0.8579580976924128,5.410493627932955,4.422230847746134,1.9164089843813128
2024-09-17 00:00:00-04:00,186.85000610351562,189.4499969482422,186.13999938964844,186.8800048828125,26091700,0.0,0.0,0.029998779296875,178.28950042724608,178.2026088548743,True,True,HOLD,10107.631862173908,0.04875998894187481,0.02158549057723084,4.596802349696692,4.64329826691708,1.0763186217390919,4.082429243368879,4.859164853996978,1.923580868782431
2024-09-18 00:00:00-04:00,186.4499969482422,188.8000030517578,185.05999755859375,186.42999267578125,34448100,0.0,0.0,-0.0200042724609375,178.66699981689453,178.54541651407877,True,True,HOLD,10083.292405820574,0.06809656903523902,0.019336580093364204,4.164025727548716,4.2292423276626305,-0.24080275860086653,1.0351118356251687,4.220699679606388,1.9265052988836318
2024-09-19 00:00:00-04:00,190.0399932861328,190.99000549316406,188.47000122070312,189.8699951171875,39543200,0.0,0.0,-0.1699981689453125,179.15499954223634,178.9983996582031,True,True,HOLD,10269.349112660439,0.08748675090517792,0.019390181869938905,5.643332727921481,5.72581015356031,1.845197970580159,1.5347567471590828,5.418907597446876,1.9582779464805122
2024-09-20 00:00:00-04:00,190.22999572753906,191.83999633789062,187.41000366210938,191.60000610351562,100378600,0.0,0.0,1.3700103759765625,179.9284996032715,179.4830768291767,True,True,HOLD,10362.918856402077,0.2481697895778364,0.16068303867265848,6.09160027580499,6.324075620223374,0.9111555436973395,2.740093549162803,8.783285523097572,1.8716687886173524
2024-09-23 00:00:00-04:00,191.63999938964844,194.4499969482422,190.57000732421875,193.8800048828125,36993100,0.0,0.0,2.2400054931640625,180.77050018310547,180.01629638671875,True,True,HOLD,10486.235357393127,0.4189641779800345,0.1707943884021981,6.761658948601148,7.150664404239847,1.1899784481557152,4.862353573931255,9.51198160602209,1.8791902959126634
2024-09-24 00:00:00-04:00,194.27000427246094,195.3699951171875,190.1300048828125,193.9600067138672,43478900,0.0,0.0,-0.30999755859375,181.69350051879883,180.51428604125977,True,True,HOLD,10490.562353516161,0.6532527166683816,0.2342885386883471,6.324245086856539,6.932212934206977,0.04126358007008335,3.7885282780757423,10.518522344083859,1.8558446960522996
2024-09-25 00:00:00-04:00,193.75,193.9499969482422,192.16000366210938,192.52999877929688,26391100,0.0,0.0,-1.220001220703125,182.66400070190429,180.92862096326104,True,True,HOLD,10413.218638913371,0.9591515866335092,0.3058988699651276,5.124395231883988,6.025750734738671,-0.7372694808574054,3.2720089809390673,11.211878586855573,1.827907215737934
2024-09-26 00:00:00-04:00,194.30999755859375,194.52999877929688,189.5399932861328,191.16000366210938,36334900,0.0,0.0,-3.149993896484375,183.68200073242187,181.26966705322266,True,True,HOLD,10339.120790370449,1.3307983174542495,0.3716467308207403,3.9119077141814014,5.173852489754434,-0.7115748848874004,0.6794167472989443,11.920374851622118,1.7988991794299893
2024-09-27 00:00:00-04:00,190.67999267578125,190.89999389648438,187.33999633789062,187.97000122070312,36002300,0.0,0.0,-2.709991455078125,184.47450103759766,181.48580686507685,True,True,HOLD,10166.585636931271,1.6467922335892153,0.31599391613496586,1.859605341493431,3.449589994955056,-1.6687603998192135,-1.8945745131403124,9.208695417824163,1.8666960831658495
2024-09-30 00:00:00-04:00,187.13999938964844,188.49000549316406,184.64999389648438,186.3300018310547,41583900,0.0,0.0,-0.80999755859375,184.8660011291504,181.63718795776367,True,True,HOLD,10077.884279634374,1.7776168017628189,0.13082456817360355,0.7857031543592778,2.518549791861209,-0.8724793206352333,-3.8941628128807193,4.3865556476496925,1.722507297587063
2024-10-01 00:00:00-04:00,184.89999389648438,186.19000244140625,183.4499969482422,185.1300048828125,36044900,0.0,0.0,0.230010986328125,185.31000137329102,181.74303089488637,True,True,HOLD,10012.980988369105,1.9626449833268431,0.18502818156402423,-0.097227075963431,1.8295110995487112,-0.6440170323887107,-4.552485834917941,5.038300642730498,1.6998164738899075
2024-10-02 00:00:00-04:00,184.44000244140625,186.60000610351562,184.0399932861328,184.75999450683594,23704100,0.0,0.0,0.3199920654296875,185.8815010070801,181.83176511876724,True,True,HOLD,9992.968528138803,2.2271883494436095,0.26454336611676643,-0.6070072167071088,1.5848828074956232,-0.19986515757441925,-4.035736935399836,6.594353288544985,1.6436507185224585
2024-10-03 00:00:00-04:00,183.0500030517578,183.44000244140625,180.8800048828125,181.9600067138672,30204300,0.0,0.0,-1.089996337890625,186.08500137329102,181.83542916434152,True,True,HOLD,9841.527790283217,2.3370430220772707,0.10985467263366111,-2.2669787355583053,0.06846424759786181,-1.5154729791167831,-4.812720638206269,2.2879348688420897,1.5994177535664345
2024-10-04 00:00:00-04:00,185.75,187.60000610351562,183.60000610351562,186.50999450683594,40890300,0.0,0.0,0.7599945068359375,186.84100112915038,181.96527820163303,True,True,HOLD,10087.619401943608,2.6794798302754455,0.3424368081981748,-0.17747393279898221,2.4367146206936052,2.500542770436165,-0.7767232560438875,8.821982129081407,1.4155027695722902
2024-10-07 00:00:00-04:00,182.9499969482422,183.60000610351562,180.25,180.8000030517578,42364200,0.0,0.0,-2.149993896484375,187.11100158691406,181.93378427866344,True,True,HOLD,9778.787584434402,2.845660210266832,0.16618037999138657,-3.4905964760131045,-0.6270913759780508,-3.061493551686767,-2.9678520501013717,3.0786826357932284,1.5421686453632917
2024-10-08 00:00:00-04:00,181.9199981689453,183.08999633789062,180.9199981689453,182.72000122070312,26372100,0.0,0.0,0.8000030517578125,187.26950149536134,181.95447419819078,True,True,HOLD,9882.633015516858,2.921075351728508,0.07541514146167616,-2.489875352596447,0.41896180899631386,1.0619458719785868,-1.3017898765977476,1.7655238736094647,1.4700011466900065
2024-10-09 00:00:00-04:00,182.82000732421875,185.85000610351562,182.0500030517578,185.1699981689453,26343100,0.0,0.0,2.3499908447265625,187.30200119018554,182.03692353077423,True,True,HOLD,10015.14407378556,2.892313030395296,-0.028762321333211993,-1.1513760556907429,1.6919990652657066,1.3408477078997505,0.22191149290935464,0.35226202115441474,1.3644038017312465
2024-10-10 00:00:00-04:00,187.1300048828125,188.1300048828125,185.8300018310547,186.64999389648438,27785000,0.0,0.0,-0.480010986328125,187.28450088500978,182.152250289917,True,True,HOLD,10095.191438836388,2.8175609068371084,-0.07475212355818783,-0.33994482147012445,2.409720735946994,0.7992632403596822,2.5774824189758405,-0.18716903931317308,1.341969218518162
2024-10-11 00:00:00-04:00,186.6300048828125,189.92999267578125,186.3000030517578,188.82000732421875,25751600,0.0,0.0,2.19000244140625,187.4010009765625,182.31487851026583,True,True,HOLD,10212.559248609656,2.7897462389556327,-0.027814667881475685,0.751512706606194,3.4451480572093756,1.1626110360002828,1.2385463972002464,1.2493976955457287,1.3648463486783244
2024-10-14 00:00:00-04:00,189.77999877929688,189.8300018310547,187.36000061035156,187.5399932861328,22614400,0.0,0.0,-2.2400054931640625,187.53350067138672,182.43928600492933,True,True,HOLD,10143.328135931226,2.7922794360857943,0.0025331971301616463,0.0034619894308025607,2.719797090651087,-0.6779016992029097,3.7278706419299867,1.4332813593122662,1.3589776612139053
2024-10-15 00:00:00-04:00,187.6300048828125,188.41000366210938,184.5800018310547,187.69000244140625,32178900,0.0,0.0,0.05999755859375,187.5740005493164,182.56139568949854,True,True,HOLD,10151.441563145712,2.7457091028945255,-0.0465703331912688,0.06180504586336133,2.7324879776208526,0.07998782160802964,2.7200094064688596,0.4334319014501764,1.3386412943039876
2024-10-16 00:00:00-04:00,187.0500030517578,187.77999877929688,185.61000061035156,186.88999938964844,23456800,0.0,0.0,-0.160003662109375,187.59700088500978,182.65977304632014,True,True,HOLD,10108.17242720549,2.70296396209669,-0.042745140797835646,-0.37829819555368854,2.263484593688004,-0.4262363692000948,0.9288768362647026,0.24674501525470127,1.3412564126913866
2024-10-17 00:00:00-04:00,188.22000122070312,188.94000244140625,186.0,187.52999877929688,25039400,0.0,0.0,-0.69000244140625,187.48000106811523,182.76800028483072,True,True,HOLD,10142.787570899643,2.5781322638214546,-0.12483169827523533,0.02666118034826437,2.5393262547132673,0.34244710350397334,0.471473298467151,-1.23242028654732,1.2740895895988436
2024-10-18 00:00:00-04:00,187.14999389648438,190.74000549316406,186.27999877929688,188.99000549316406,37417700,0.0,0.0,1.8400115966796875,187.34950103759766,182.9032612676206,True,True,HOLD,10221.753805887307,2.430924270656615,-0.14720799316483957,0.8680376781224757,3.220669902442874,0.7785456851548744,0.09003186227687365,-1.362213218793662,1.2691365178284006
2024-10-21 00:00:00-04:00,188.0500030517578,189.4600067138672,186.39999389648438,189.07000732421875,24639400,0.0,0.0,1.0200042724609375,187.10900115966797,183.03446863052693,True,True,HOLD,10226.080802010341,2.2261012145017793,-0.20482305615483565,1.0371852163669897,3.1922242872408786,0.04233124965837831,0.815833471717986,-2.480914708817483,1.2350919249961811
2024-10-22 00:00:00-04:00,188.35000610351562,191.52000427246094,186.97999572753906,189.6999969482422,29650600,0.0,0.0,1.3499908447265625,186.89600067138673,183.17333380381265,True,True,HOLD,10260.154555382785,2.032319219325467,-0.19378199517631245,1.478121413792379,3.4405183180947922,0.3332044214411578,1.0709118656777816,-2.1963340988688573,1.2387961591595962
2024-10-23 00:00:00-04:00,188.85000610351562,189.16000366210938,183.69000244140625,184.7100067138672,31937100,0.0,0.0,-4.1399993896484375,186.50500106811523,183.20469447544642,True,True,HOLD,9990.264877690766,1.8014312363109963,-0.23088798301447055,-0.9717905305632187,0.8149597659604,-2.6304640562205495,-1.1664576397349968,-4.06170057394224,1.3564998259548908
2024-10-24 00:00:00-04:00,185.25,187.11000061035156,183.86000061035156,186.3800048828125,21647400,0.0,0.0,1.1300048828125,186.2660011291504,183.26820068359376,True,True,HOLD,10080.588755372535,1.6357450088857663,-0.16568622742522998,0.06116737347108892,1.6696019517626386,0.9041189476714617,-0.6132319650029916,-2.5005224355121425,1.3723430576784834
2024-10-25 00:00:00-04:00,187.85000610351562,190.4499969482422,187.52999877929688,187.8300018310547,29362100,0.0,0.0,-0.0200042724609375,186.25900115966797,183.47300079345703,True,True,HOLD,10159.013600038492,1.518479751332598,-0.1172652575531683,0.8363949614395272,2.319651277816947,0.7779788122410869,-0.6137910092559595,-0.07447964501743343,1.3353402366809264
2024-10-28 00:00:00-04:00,189.57000732421875,190.2100067138672,188.2100067138672,188.38999938964844,27930800,0.0,0.0,-1.1800079345703125,186.36200103759765,183.6996008300781,True,True,HOLD,10189.30174760961,1.4493228049974132,-0.06915694633518488,1.0764893883014792,2.489727997646595,0.2981406341556969,-0.35965933687421847,1.1055640736061134,1.3204357718372677
2024-10-29 00:00:00-04:00,188.5800018310547,191.4600067138672,187.82000732421875,190.8300018310547,35690200,0.0,0.0,2.25,186.64700088500976,183.95180084228517,True,True,HOLD,10321.272240846729,1.465166435111651,0.015843630114237728,2.192003828490352,3.604360385039937,1.2951868195294036,0.5956799688936254,3.0789157877731954,1.336857752000946
2024-10-30 00:00:00-04:00,194.6999969482422,195.61000061035156,192.4199981689453,192.72999572753906,37707600,0.0,0.0,-1.970001220703125,187.0455009460449,184.22880065917968,True,True,HOLD,10424.035716575894,1.5289141962532111,0.06374776114156022,2.9494603370044583,4.410935120020162,0.9956473710913016,4.3419353159872776,4.31370505394133,1.3465988694430264
2024-10-31 00:00:00-04:00,190.50999450683594,190.60000610351562,185.22999572753906,186.39999389648438,75146800,0.0,0.0,-4.1100006103515625,187.2675003051758,184.35460052490234,True,True,HOLD,10081.669885435702,1.5800526658839624,0.051138469630751304,-0.4654004490864813,1.0973140764789555,-3.2843885079535617,0.010724870237255324,2.4400895904554964,1.5142460128162072
2024-11-01 00:00:00-04:00,199.0,200.5,197.02000427246094,197.92999267578125,99687800,0.0,0.0,-1.07000732421875,187.83850021362304,184.7906002807617,True,True,HOLD,10705.283862252147,1.6493803950149513,0.06932772913098884,5.098516059003024,6.638403921199801,6.185621865256041,5.3771978631034,6.122995284591437,1.9725226042897288
2024-11-04 00:00:00-05:00,196.4499969482422,197.3300018310547,194.30999755859375,195.77999877929688,38492100,0.0,0.0,-0.6699981689453125,188.5875,185.165400390625,True,True,HOLD,10588.998833122294,1.8481312395057328,0.1987508444907815,3.673765871969887,5.4216970348629605,-1.086239567545566,3.92271320855182,8.285395727150924,1.8394837581547197
2024-11-05 00:00:00-05:00,196.0399932861328,199.82000732421875,195.99000549316406,199.5,30564800,0.0,0.0,3.4600067138671875,189.42649993896484,185.645400390625,True,True,HOLD,10790.199613747716,2.036732146545963,0.18860090704023036,5.049373464178026,6.944661458333326,1.9000925752873599,4.543309797073225,9.18344935814044,1.864385917073523
2024-11-06 00:00:00-05:00,200.00999450683594,207.5500030517578,199.13999938964844,207.08999633789062,72292200,0.0,0.0,7.0800018310546875,190.52249984741212,186.32480041503905,True,True,HOLD,11200.713776922925,2.252893561685123,0.21616141513915998,8.000143311339274,10.027136167876899,3.8045094425516846,7.450838441698604,11.83776982540441,2.002185399772823
2024-11-07 00:00:00-05:00,207.44000244140625,212.25,207.19000244140625,210.0500030517578,52878400,0.0,0.0,2.6100006103515625,191.69250030517577,187.10980041503908,True,True,HOLD,11360.809332314706,2.4492035585370426,0.19630999685191952,8.739586993511551,10.92130554792999,1.429333510169939,12.687773567421502,12.536838960868657,2.010760160013302
2024-11-08 00:00:00-05:00,209.72000122070312,209.9600067138672,207.44000244140625,208.17999267578125,36075800,0.0,0.0,-1.540008544921875,192.6604995727539,187.83100036621093,True,True,HOLD,11259.667551680288,2.5711938908524066,0.12199033231536394,7.454843716512828,9.774710839413741,-0.8902691496347037,5.178598686046532,10.253142993644682,2.0334016072506333
2024-11-11 00:00:00-05:00,208.5,209.64999389648438,205.58999633789062,206.83999633789062,35456000,0.0,0.0,-1.660003662109375,193.6254997253418,188.39780029296875,True,True,HOLD,11187.192223522237,2.7748197825259573,0.20362589167355072,6.388753068319451,8.916165331387353,-0.6436720074140534,5.649196867684991,10.291139886259604,2.032364541390229
2024-11-12 00:00:00-05:00,208.3699951171875,209.5399932861328,206.00999450683594,208.91000366210938,38942900,0.0,0.0,0.540008544921875,194.68649978637694,189.05100036621093,True,True,HOLD,11299.15108181918,2.9809413381836016,0.20612155565764434,6.808435989852119,9.506008782623143,1.0007771034946433,4.716793815593667,11.305877214918603,2.0325330953273615
2024-11-13 00:00:00-05:00,209.39999389648438,215.08999633789062,209.13999938964844,214.10000610351562,46212900,0.0,0.0,4.70001220703125,196.0470001220703,189.86640045166016,True,True,HOLD,11579.85866246385,3.2552361322000847,0.27429479401648305,8.432043655672219,11.318825297061746,2.4843245179395845,3.3850064655887024,14.55937011222137,2.0624559155752618
2024-11-14 00:00:00-05:00,214.16000366210938,215.89999389648438,210.8800048828125,211.47999572753906,42620300,0.0,0.0,-2.6800079345703125,197.24449996948243,190.53820037841797,True,True,HOLD,11438.152221627372,3.519661452530481,0.2644253203303961,6.731367526788196,9.90249469084609,-1.2237320417028852,0.6807867912427046,12.771288382734337,2.106092029378421
2024-11-15 00:00:00-05:00,206.75999450683594,207.33999633789062,199.61000061035156,202.61000061035156,86591100,0.0,0.0,-4.149993896484375,197.9254997253418,191.16260040283203,True,True,HOLD,10958.40777106386,3.5377732402983106,0.018111787767829846,2.31207781989929,5.649968004064394,-4.194247823144082,-2.675565501678334,7.206727721736672,2.3645138724759773
2024-11-18 00:00:00-05:00,204.14999389648438,204.6699981689453,200.9499969482422,201.6999969482422,36409900,0.0,0.0,-2.4499969482421875,198.55699920654297,191.68860046386717,True,True,HOLD,10909.189118615732,3.5831023472731074,0.04532910697479675,1.5582537378549077,4.963508495711092,-0.4491405455644082,-2.4850123190158113,6.680059837499996,2.3706979576240985
2024-11-19 00:00:00-05:00,199.3300018310547,205.3000030517578,198.77999877929688,204.61000061035156,31197900,0.0,0.0,5.279998779296875,199.30249938964843,192.18980041503906,True,True,HOLD,11066.58019826935,3.7008722415285864,0.11776989425547901,2.5939598283910152,6.070182375379039,1.4427385751800914,-2.0583040430714017,7.859780654702608,2.383224893842033
2024-11-20 00:00:00-05:00,202.97999572753906,203.1300048828125,199.4499969482422,202.8800048828125,32769000,0.0,0.0,-0.0999908447265625,200.21099929809571,192.5570004272461,True,True,HOLD,10973.011279817836,3.974926309543098,0.2740540680145114,1.3155587147478904,5.088231568965694,-0.8455088814713241,-5.2405422236552095,9.837040500514039,2.295338201860226
2024-11-21 00:00:00-05:00,203.49000549316406,203.49000549316406,195.75,198.3800048828125,58800000,0.0,0.0,-5.1100006103515625,200.8109992980957,192.78460052490234,True,True,HOLD,10729.623318605481,4.163402445703426,0.188476136160328,-1.2254231048735238,2.8205485533763777,-2.2180598835253806,-6.194434986467456,6.438458893455379,2.370978971414729
2024-11-22 00:00:00-05:00,198.25,199.25999450683594,196.75,197.1199951171875,31530800,0.0,0.0,-1.1300048828125,201.27549896240234,192.9972003173828,True,True,HOLD,10661.474161280343,4.289336130993568,0.12593368529014182,-2.108108739929908,2.0915152708651905,-0.6351495788949668,-2.709641911369487,4.9459581512908635,2.378252062584575
2024-11-25 00:00:00-05:00,199.27999877929688,201.9499969482422,199.0,201.4499969482422,40685700,0.0,0.0,2.1699981689453125,201.92849884033203,193.32840026855467,True,True,HOLD,10895.667565215044,4.448440353218077,0.15910422222450915,-0.23752886539520662,4.031569522323778,2.1966324768223133,-0.12394645700671836,6.932426137749315,2.417076784462973
2024-11-26 00:00:00-05:00,201.89999389648438,208.0,201.7899932861328,207.86000061035156,41673700,0.0,0.0,5.9600067138671875,202.77999877929688,193.74800018310546,True,True,HOLD,11242.360392478273,4.661724811433172,0.213284458215095,2.443953534175878,6.789185213994132,3.1819328663262647,1.5883876595988777,8.924172622695803,2.4910526455891016
2024-11-27 00:00:00-05:00,206.97999572753906,207.63999938964844,205.0500030517578,205.74000549316406,28061600,0.0,0.0,-1.239990234375,203.4304992675781,194.13420043945314,True,True,HOLD,11127.697883733294,4.788594079292237,0.12686926785906483,1.122536290426358,5.641005513678058,-1.0199148999145757,1.4097005823730857,6.750381390563165,2.5088453240844433
2024-11-29 00:00:00-05:00,205.8300018310547,208.1999969482422,204.58999633789062,207.88999938964844,24892400,0.0,0.0,2.05999755859375,204.50499954223633,194.49460052490235,True,True,HOLD,11243.982912863146,5.14687759470849,0.3582835154162538,1.6282648791910357,6.443503248869165,1.0450052683389277,4.793827136184259,11.52897328156477,2.3605322593251654
2024-12-02 00:00:00-05:00,209.9600067138672,212.99000549316406,209.50999450683594,210.7100067138672,39523200,0.0,0.0,0.75,205.1440002441406,194.87680053710938,True,True,HOLD,11396.506431362148,5.268559253196539,0.12168165848804868,2.6415482380411626,7.514216540393572,1.356490130596999,6.8942836512351,6.456835502954927,1.971092085956191
2024-12-03 00:00:00-05:00,210.30999755859375,214.02000427246094,209.64999389648438,213.44000244140625,32214800,0.0,0.0,3.1300048828125,206.0270004272461,195.26800048828125,True,True,HOLD,11544.161563416408,5.509863322234683,0.2413040690381436,3.4731081003408346,8.513868883652023,1.2956175029913197,5.951851911045014,9.020330867412829,1.952775963987939
2024-12-04 00:00:00-05:00,215.9600067138672,220.0,215.75,218.16000366210938,48745700,0.0,0.0,2.1999969482421875,206.96000061035156,195.7520004272461,True,True,HOLD,11799.448557644577,5.7256120798985535,0.2157487576638708,5.1338480306888,10.271361779755585,2.211394849472459,4.955259800593326,9.353385294290417,1.9661301876630601
2024-12-05 00:00:00-05:00,218.02999877929688,222.14999389648438,217.3000030517578,220.5500030517578,41140200,0.0,0.0,2.5200042724609375,207.63300094604492,196.31240051269532,True,True,HOLD,11928.714575143533,5.766625238031006,0.04101315813245243,5.856722705499843,10.989617866101097,1.0955259211262725,7.198404375995726,6.499592907378138,1.8112785991424785
2024-12-06 00:00:00-05:00,220.75,227.14999389648438,220.60000610351562,227.02999877929688,44178100,0.0,0.0,6.279998779296875,208.48200073242188,197.02980041503906,True,True,HOLD,12279.193008208089,5.812420402019899,0.04579516398889272,8.169844578515853,13.214200116973071,2.9381072944344444,9.20679178692685,8.083787422442956,1.8891757236815947
2024-12-09 00:00:00-05:00,227.2100067138672,230.0800018310547,225.6699981689453,226.08999633789062,46819400,0.0,0.0,-1.1200103759765625,209.37750091552735,197.79220031738282,True,True,HOLD,12228.351835375088,5.857309125210415,0.04488872319051662,7.391965895468686,12.516164571128064,-0.4140432746599476,7.2991263508944915,8.60313396686605,1.8749190797021056
2024-12-10 00:00:00-05:00,226.08999633789062,229.05999755859375,224.1999969482422,225.0399932861328,31199900,0.0,0.0,-1.0500030517578125,210.28750076293946,198.56640014648437,True,True,HOLD,12171.56114603418,5.9028620188553145,0.04555289364489923,6.555498117366152,11.763950377472648,-0.4644181824783544,5.434778257140915,8.799070426645606,1.8699370133601652
2024-12-11 00:00:00-05:00,226.41000366210938,231.1999969482422,226.25999450683594,230.25999450683594,35385800,0.0,0.0,3.8499908447265625,211.3550003051758,199.46899993896486,True,True,HOLD,12453.89124706372,5.958820854292101,0.055958835436786813,8.210281704449054,13.372272779654287,2.319588240507109,5.546383682440381,10.219707276085256,1.9135267590041667
2024-12-12 00:00:00-05:00,229.8300018310547,231.08999633789062,227.6300048828125,228.97000122070312,28204100,0.0,0.0,-0.8600006103515625,212.09850006103517,200.3532000732422,True,True,HOLD,12384.120394643835,5.862297174938709,-0.09652367935339257,7.3684330129367455,12.49805694846345,-0.5602333522571668,3.8177275232090357,6.945350160334884,1.868359753048804
2024-12-13 00:00:00-05:00,228.39999389648438,230.1999969482422,225.86000061035156,227.4600067138672,28768100,0.0,0.0,-0.9399871826171875,212.89750061035156,201.2632000732422,True,True,HOLD,12302.450509208134,5.780639745803257,-0.08165742913545149,6.402227061320061,11.517104487550295,-0.6594726378065796,0.189405777598739,7.556275444092608,1.8474416522149681
2024-12-16 00:00:00-05:00,230.22999572753906,233.0,228.00999450683594,232.92999267578125,37552100,0.0,0.0,2.6999969482421875,214.41350021362305,202.19160003662108,True,True,HOLD,12598.301338348238,6.044712131853317,0.26407238605006,7.949380948949576,13.196408193746606,2.4048121869595374,3.025342318847346,14.964706566355247,1.5531197663890208
2024-12-17 00:00:00-05:00,232.38999938964844,232.72999572753906,227.85000610351562,231.14999389648438,35948100,0.0,0.0,-1.2400054931640625,215.88600006103516,203.19859985351562,True,True,HOLD,12502.02794415856,6.243842337824079,0.1991302059707616,6.603501725500744,12.092318745846992,-0.764177579215608,2.715073228154097,14.60089112237284,1.5670414554654466
2024-12-18 00:00:00-05:00,230.77000427246094,231.39999389648438,220.11000061035156,220.52000427246094,43281400,0.0,0.0,-10.25,216.68150024414064,203.95459991455078,True,True,HOLD,11927.092054758661,6.240065355192743,-0.0037769826313356347,1.7406602366911266,7.51197353390351,-4.598741035997545,-4.229996728366048,7.775770301866891,1.950715329447944
2024-12-19 00:00:00-05:00,224.91000366210938,226.08999633789062,222.9199981689453,223.2899932861328,39918700,0.0,0.0,-1.6200103759765625,217.70199966430664,204.71699981689454,True,True,HOLD,12076.910272229376,6.342902572344407,0.10283721715166383,2.5025723453112794,8.317879899543051,1.2561168873593154,-2.4806777762539256,10.060128111249567,1.9370298528527947
2024-12-20 00:00:00-05:00,219.83999633789062,226.2100067138672,218.72999572753906,224.9199981689453,88279200,0.0,0.0,5.0800018310546875,219.02899932861328,205.48239990234376,True,True,HOLD,12165.07106449469,6.592583808981982,0.24968123663757513,2.6191529825227438,8.642005346274853,0.729994595290151,-1.1166835795081487,13.378361040877373,1.8285719158495275
2024-12-23 00:00:00-05:00,225.00999450683594,226.8800048828125,223.89999389648438,225.05999755859375,28070000,0.0,0.0,0.0500030517578125,220.4259994506836,206.20719970703124,True,True,HOLD,12172.64310138747,6.895394420686436,0.3028106117044542,2.059005668790028,8.376787548242214,0.06224408269079884,-3.378695472738824,14.174108732498691,1.8094093625692014
2024-12-24 00:00:00-05:00,226.94000244140625,229.13999938964844,226.1300048828125,229.0500030517578,15007500,0.0,0.0,2.1100006103515625,221.80599975585938,207.03739990234374,True,True,HOLD,12388.447390766869,7.133300486038635,0.23790606535219894,3.162629643912963,9.610391991324246,1.7728630305015702,-0.9084970366328493,13.700673378817063,1.7931302703982537
2024-12-26 00:00:00-05:00,228.5,228.5,226.6699981689453,227.0500030517578,16146700,0.0,0.0,-1.4499969482421875,222.7654998779297,207.8245999145508,True,True,HOLD,12280.274963561378,7.189187405880736,0.05588691984210037,1.8870306611937935,8.467475392556786,-0.873171784917226,2.9611820482412066,9.232176650176815,1.7206898595700764
2024-12-27 00:00:00-05:00,225.60000610351562,226.02999877929688,220.89999389648438,223.75,27367100,0.0,0.0,-1.850006103515625,223.66599960327147,208.5617999267578,True,True,HOLD,12101.790293614293,7.24207389935162,0.05288649347088459,0.03754207675017966,6.788022379102659,-1.4534256804240364,0.20601313435382185,8.753763986573993,1.7428571874757732
2024-12-30 00:00:00-05:00,220.05999755859375,223.0,218.42999267578125,221.3000030517578,28321200,0.0,0.0,1.2400054931640625,224.33649978637695,209.23720001220704,True,True,HOLD,11969.279235345592,7.216355300725208,-0.025718598626411904,-1.3721178006079633,5.4508824551301585,-1.0949707031249978,-1.6094589839309892,6.45052850136143,1.7689309553732195
2024-12-31 00:00:00-05:00,222.97000122070312,223.22999572753906,218.94000244140625,219.38999938964844,24819700,0.0,0.0,-3.5800018310546875,224.770499420166,209.8451998901367,True,True,HOLD,11865.974369294718,7.112528443749655,-0.10382685697555338,-2.4524819023138376,4.350608289377698,-0.8630834323407832,-2.5193273928962645,4.119402211195511,1.7706347736482995
2025-01-02 00:00:00-05:00,222.02999877929688,225.14999389648438,218.19000244140625,220.22000122070312,33956600,0.0,0.0,-1.80999755859375,225.10949935913087,210.4681997680664,True,True,HOLD,11910.866025619813,6.956537665642133,-0.1559907781075216,-2.2202788626485908,4.428208790564637,0.3783225458606987,-3.855054229822208,3.1765361233811573,1.7530182785003983
2025-01-03 00:00:00-05:00,222.50999450683594,225.36000061035156,221.6199951171875,224.19000244140625,27515600,0.0,0.0,1.6800079345703125,225.4109992980957,211.15799987792968,True,True,HOLD,12125.58835964592,6.749921588765602,-0.20661607687653127,-0.544625917031501,5.812927615665011,1.8027432561515733,-1.2596346936404101,2.764025796697478,1.730219727320763
2025-01-06 00:00:00-05:00,226.77999877929688,228.83999633789062,224.83999633789062,227.61000061035156,31849800,0.0,0.0,0.8300018310546875,225.76399917602538,212.01599975585938,True,True,HOLD,12310.563111132496,6.484416004451122,-0.26550558431448046,0.8110370499433268,6.8511931868880165,1.5254909370185477,1.7251399375872944,3.201087037363104,1.7451833177832712
2025-01-07 00:00:00-05:00,227.89999389648438,228.3800048828125,221.4600067138672,222.11000061035156,28084200,0.0,0.0,-5.7899932861328125,225.51799926757812,212.73059967041016,True,True,HOLD,12013.088936317396,6.011076740713306,-0.47333926373781576,-1.5343742505341855,4.222862957168562,-2.416414035082548,0.36601787050327683,-2.1671136833895654,1.708878641261881
2025-01-08 00:00:00-05:00,223.19000244140625,223.52000427246094,220.1999969482422,222.1300048828125,25033300,0.0,0.0,-1.05999755859375,225.31999969482422,213.4165997314453,True,True,HOLD,12014.170891670685,5.577541755588678,-0.43353498512462796,-1.4360936126997526,3.9226601358803665,0.009006470850470016,1.248919960247452,-1.7515111323899268,1.7073457426335823
2025-01-10 00:00:00-05:00,221.4600067138672,221.7100067138672,216.5,218.94000244140625,36811500,0.0,0.0,-2.5200042724609375,225.0150001525879,214.02759979248046,True,True,HOLD,11841.635738231507,5.133637143415496,-0.4439046121731822,-2.77473172715775,2.2437209254350274,-1.4360970473526025,-0.5812363873407111,-2.710625234053654,1.7326669620768265
2025-01-13 00:00:00-05:00,218.05999755859375,219.39999389648438,216.47000122070312,218.4600067138672,27262700,0.0,0.0,0.4000091552734375,224.42500076293945,214.58019989013673,True,True,HOLD,11815.674586783425,4.587935363021928,-0.5457017803935678,-2.730474167239701,1.7759803645946621,-0.21923619356289947,-2.5558658571479542,-5.124636530215165,1.6345232364092879
2025-01-14 00:00:00-05:00,220.44000244140625,221.82000732421875,216.1999969482422,217.75999450683594,24711700,0.0,0.0,-2.6800079345703125,223.8645004272461,215.08079986572267,True,True,HOLD,11777.813577029403,4.0839073348282104,-0.5040280281937175,-2.803318366275275,1.230342904435169,-0.3204303696411115,-4.327580544397069,-4.895840788794825,1.633005572328401
2025-01-15 00:00:00-05:00,222.8300018310547,223.57000732421875,220.75,223.35000610351562,31291300,0.0,0.0,0.5200042724609375,223.65900039672852,215.81980010986328,True,True,HOLD,12080.156138289245,3.6322896615021802,-0.4516176733260302,-0.13834532561851895,3.3714823317096014,2.5670516796895804,0.5582844040144863,-1.8069113202488052,1.74471870384279
2025-01-16 00:00:00-05:00,224.4199981689453,224.64999389648438,220.30999755859375,220.66000366210938,24757300,0.0,0.0,-3.7599945068359375,223.0455009460449,216.27440032958984,True,True,HOLD,11934.66409165144,3.13079153433615,-0.5014981271660304,-1.0810737081235537,1.987493546512893,-1.2043887924316987,-0.6617751714716125,-5.267672433558468,1.6591109275187461
2025-01-17 00:00:00-05:00,225.83999633789062,226.50999450683594,223.0800018310547,225.94000244140625,42370100,0.0,0.0,0.100006103515625,222.785001373291,216.87760040283203,True,True,HOLD,12220.239233450726,2.72384098656868,-0.40695054776746975,1.3963888793589956,4.010977224329455,2.3928209424767255,3.1972229478134606,-2.2539440158546142,1.7556887684829738
2025-01-21 00:00:00-05:00,228.89999389648438,231.77999877929688,226.94000244140625,230.7100067138672,39951500,0.0,0.0,1.8100128173828125,223.29450149536132,217.50180053710938,True,True,HOLD,12478.230703417057,2.6632887378160404,-0.06055224875263976,3.214210481863832,5.725025266519535,2.1111818274402117,5.607433682836382,4.620897081434894,1.468165996172868
2025-01-22 00:00:00-05:00,232.02000427246094,235.44000244140625,231.19000244140625,235.00999450683594,41448200,0.0,0.0,2.989990234375,223.8805015563965,218.0602005004883,True,True,HOLD,12710.800761676763,2.6691257930376753,0.0058370552216349125,4.735753036288722,7.212371559735777,1.8638063663626525,7.921565225543992,5.248780318464452,1.4963985721751183
2025-01-23 00:00:00-05:00,234.10000610351562,235.52000427246094,231.50999450683594,235.4199981689453,26404400,0.0,0.0,1.3199920654296875,224.40550155639647,218.56760040283203,True,True,HOLD,12732.976307323517,2.6709819492023863,0.0018561561647110203,4.678658014704625,7.158439341257422,0.17446222360446573,5.404070622606394,4.668326554099056,1.4924973288770123
2025-01-24 00:00:00-05:00,234.5,236.39999389648438,232.92999267578125,234.85000610351562,25890700,0.0,0.0,0.350006103515625,224.89500198364257,219.1010006713867,True,True,HOLD,12702.147594720818,2.6444431082018878,-0.026538841000498525,4.238877522313179,6.705984680786922,-0.24211709704484718,6.430708876056679,4.349954968062719,1.4959415131295746
2025-01-27 00:00:00-05:00,226.2100067138672,235.61000061035156,225.86000061035156,235.4199981689453,49428300,0.0,0.0,9.209991455078125,225.21350173950196,219.67260070800782,True,True,HOLD,12732.976307323517,2.5223450779185677,-0.12209803028332011,4.335441555019817,6.689065323004815,0.24270472668348475,4.195802259494763,2.7810500031943297,1.4509965438821906
2025-01-28 00:00:00-05:00,234.2899932861328,241.77000427246094,233.97999572753906,238.14999389648438,41587200,0.0,0.0,3.8600006103515625,225.76850128173828,220.2574005126953,True,True,HOLD,12880.631439377777,2.5021183198452017,-0.020226758073365936,5.199031254280823,7.513161386670602,1.1596277923593856,3.2248220563074526,4.888786917213217,1.4469498623480663
2025-01-29 00:00:00-05:00,239.02000427246094,240.38999938964844,236.14999389648438,237.07000732421875,26091700,0.0,0.0,-1.9499969482421875,226.43450164794922,220.71680053710938,True,True,HOLD,12822.219054942123,2.5905146762393905,0.08839635639418875,4.486229952203246,6.898049640140518,-0.4534900692607424,0.8765639187838348,5.953075899092175,1.4015997280709511
2025-01-30 00:00:00-05:00,237.13999938964844,237.9499969482422,232.22000122070312,234.63999938964844,32020700,0.0,0.0,-2.5,227.10150146484375,221.18000061035156,True,True,HOLD,12690.789126736587,2.6772315933410207,0.08671691710163021,3.212793191448185,5.736446818236181,-1.0250170242948609,-0.3313222263883975,6.028014529566295,1.3980211068600341
2025-01-31 00:00:00-05:00,236.5,240.2899932861328,236.41000366210938,237.67999267578125,36110200,0.0,0.0,1.17999267578125,228.0160011291504,221.88140045166017,True,True,HOLD,12855.210852961278,2.764810689405546,0.08757909606452552,4.065967622194218,6.647001308886737,1.2955989149507907,1.2050187348167318,8.336748865953902,1.3865922269552617
2025-02-03 00:00:00-05:00,234.05999755859375,239.25,232.89999389648438,237.4199981689453,37285900,0.0,0.0,3.3600006103515625,228.8760009765625,222.59580047607423,True,True,HOLD,12841.148734529008,2.8213472523095926,0.056536562904046406,3.59868471833742,6.2438706963186625,-0.10938846972727845,0.8495454997687668,7.810370017664492,1.3914639078571156
2025-02-04 00:00:00-05:00,239.00999450683594,242.52000427246094,238.02999877929688,242.05999755859375,29713800,0.0,0.0,3.0500030517578125,229.76950073242188,223.34480041503906,True,True,HOLD,13092.108732634142,2.8765837867923807,0.05523653448278809,5.077458873887992,7.731635682192567,1.9543422733693472,1.6418239606627472,7.970915260531286,1.3999752411840285
2025-02-05 00:00:00-05:00,237.02000427246094,238.32000732421875,235.1999969482422,236.1699981689453,38727300,0.0,0.0,-0.850006103515625,230.19750061035157,224.0106002807617,True,True,HOLD,12773.540967525578,2.761878376217717,-0.11470541057466388,2.528897660540815,5.148578558858828,-2.4332807771026643,-0.3796385571636529,3.7608178619742194,1.507248857855337
2025-02-06 00:00:00-05:00,238.00999450683594,239.66000366210938,236.00999450683594,238.8300018310547,60897100,0.0,0.0,0.82000732421875,231.03350067138672,224.81960021972657,True,True,HOLD,12917.41049377851,2.76394960474399,0.0020712285262733943,3.2644563496604224,5.8662653368143,1.1263088803542765,1.7857153308495466,7.527802068685374,1.3875515331795647
2025-02-07 00:00:00-05:00,232.5,234.80999755859375,228.05999755859375,229.14999389648438,77539300,0.0,0.0,-3.350006103515625,231.3845001220703,225.4602001953125,True,True,HOLD,12393.855516953068,2.6276477718132454,-0.13630183293074483,-0.9751282064599756,1.6102089458656925,-4.053095448794508,-3.5888585670450723,3.160306513915301,1.704650417116645
2025-02-10 00:00:00-05:00,230.5500030517578,233.9199981689453,229.1999969482422,233.13999938964844,35419900,0.0,0.0,2.589996337890625,232.09449996948243,226.09400024414063,True,True,HOLD,12609.659806332467,2.653984501518104,0.026336729704858453,0.4484427480925999,3.0222180509367598,1.7412199866636335,-1.8027119923787027,6.485793728828737,1.6951632278921926
2025-02-11 00:00:00-05:00,231.9199981689453,233.44000244140625,230.1300048828125,232.75999450683594,23713700,0.0,0.0,0.839996337890625,232.80949935913085,226.59200012207032,True,True,HOLD,12589.106781070584,2.743918246765564,0.08993374524746,-0.021268625821978304,2.649937502290357,-0.16299428832775575,-3.842023938509964,6.545814956280971,1.6942532895069775
2025-02-12 00:00:00-05:00,230.4600067138672,231.17999267578125,228.16000366210938,228.92999267578125,32285200,0.0,0.0,-1.5300140380859375,233.3679992675781,227.05579986572266,True,True,HOLD,12381.956483937254,2.7800212131063775,0.03610296634081367,-1.9385867880064651,0.8186750840956372,-1.645472556041927,-3.065590697081211,5.12949965591345,1.7461888986352654
2025-02-13 00:00:00-05:00,228.85000610351562,230.4199981689453,227.52000427246094,230.3699951171875,31346500,0.0,0.0,1.519989013671875,233.71899871826173,227.50539978027345,True,True,HOLD,12459.840763571628,2.7311874548865323,-0.04883375821984526,-1.453749911906113,1.2434758855886816,0.6290143220533118,-3.5422713432174624,3.1430440214173627,1.6635342802586888
2025-02-14 00:00:00-05:00,229.1999969482422,229.88999938964844,227.22999572753906,228.67999267578125,27031100,0.0,0.0,-0.5200042724609375,234.1199981689453,227.86479949951172,True,True,HOLD,12368.434930536569,2.745136011868734,0.013948556982201765,-2.3788725150419268,0.3564776991336093,-0.7336035409240549,-0.2051063640505446,3.63454585360774,1.6463332293605615
2025-02-18 00:00:00-05:00,228.82000732421875,229.3000030517578,223.72000122070312,226.64999389648438,42975100,0.0,0.0,-2.170013427734375,234.1554977416992,228.12899932861328,True,True,HOLD,12258.639982946206,2.641706416466998,-0.10342959540173613,-3.3114952778876967,-0.652550395745606,-0.8877028355405714,-2.7837374582459717,0.31423893396753666,1.5774643951290745
2025-02-19 00:00:00-05:00,225.52000427246094,226.8300018310547,223.7100067138672,226.6300048828125,28566700,0.0,0.0,1.1100006103515625,233.95149765014648,228.29839935302735,True,True,HOLD,12257.55885288304,2.476188318945464,-0.165518097521534,-3.2305928648414537,-0.7361754552657558,-0.008819331220011328,-2.6336096273809617,-1.7684546453656025,1.4993823225504743
2025-02-20 00:00:00-05:00,224.77999877929688,225.1300048828125,221.80999755859375,222.8800048828125,30001700,0.0,0.0,-1.899993896484375,233.34499816894532,228.34499938964845,True,True,HOLD,12054.735551872745,2.189668612258447,-0.2865197066870171,-4.695348643605417,-2.451989585027771,-1.6546793977871843,-2.642723970876526,-5.161478195630787,1.4655399635461532
2025-02-21 00:00:00-05:00,223.27999877929688,223.30999755859375,214.74000549316406,216.5800018310547,55323900,0.0,0.0,-6.6999969482421875,232.4029983520508,228.13599945068358,True,True,HOLD,11713.992241117423,1.8703750883865236,-0.3192935238719232,-7.30584374698592,-5.335671586448348,-2.8266344731418536,-5.9860196980591756,-8.002717052257557,1.5692935769379937
2025-02-24 00:00:00-05:00,217.4499969482422,217.72000122070312,212.4199981689453,212.7100067138672,42387600,0.0,0.0,-4.739990234375,231.29599838256837,227.86839965820312,True,True,HOLD,11504.678858567639,1.5042009903552076,-0.36617409803131595,-8.737713827306042,-7.1263186807786925,-1.7868663239768212,-6.983551894964435,-9.427293512562107,1.5986278613324272
2025-02-25 00:00:00-05:00,211.6300048828125,213.33999633789062,204.16000366210938,212.8000030517578,58958000,0.0,0.0,1.1699981689453125,230.16499862670898,227.62359985351563,True,True,HOLD,11509.546419722255,1.1164917762608255,-0.3877092140943821,-8.160242164436248,-6.965975840776835,0.0423094048469963,-6.1107395621868505,-9.608357528299116,1.5944717157281558
2025-02-26 00:00:00-05:00,214.94000244140625,218.16000366210938,213.08999633789062,214.35000610351562,39120600,0.0,0.0,-0.589996337890625,228.97499923706056,227.3054000854492,True,True,HOLD,11593.380215864536,0.7345180321205352,-0.3819737441402903,-6.8229497164008075,-6.044037141607106,0.7283848822975836,-5.418522929321168,-9.993696579019772,1.5737475470740552
2025-02-27 00:00:00-05:00,218.35000610351562,219.97000122070312,208.3699951171875,208.74000549316406,40548600,0.0,0.0,-9.610000610351562,227.55849914550782,226.90080017089844,True,True,HOLD,11289.956524541529,0.28986190181525107,-0.44465613030528417,-9.01527889102218,-8.700198428580148,-2.617215045770671,-6.344220692692049,-11.950057348380794,1.6423058768007017
2025-02-28 00:00:00-05:00,208.64999389648438,212.6199951171875,206.99000549316406,212.27999877929688,51771700,0.0,0.0,3.6300048828125,226.44049911499025,226.59720001220703,False,True,SELL,11481.421357567593,-0.06915394241779607,-0.3590158442330471,-6.6706710086312695,-6.744489031110014,1.6958863624485065,-1.9854109407165255,-9.529492272636798,1.7180594248886056
2025-03-03 00:00:00-05:00,213.35000610351562,214.00999450683594,202.5500030517578,205.02000427246094,42948400,0.0,0.0,-8.330001831054688,224.80749969482423,226.03900024414062,False,False,HOLD,11481.421357567593,-0.5448177296777424,-0.4756637872599464,-9.65149498098085,-10.25216834145927,-3.4200087377916355,-3.615251844616163,-13.741160135372322,1.7831311613855607
2025-03-04 00:00:00-05:00,200.11000061035156,206.8000030517578,197.42999267578125,203.8000030517578,60853100,0.0,0.0,3.69000244140625,223.12649993896486,225.4920004272461,False,False,HOLD,11481.421357567593,-1.0490396483242248,-0.5042219186464824,-9.483069969483177,-10.643766953221931,-0.5950644792114046,-4.229323247618089,-14.160557398902807,1.777660550145347
2025-03-05 00:00:00-05:00,204.8000030517578,209.97999572753906,203.25999450683594,208.36000061035156,38610100,0.0,0.0,3.55999755859375,221.44150009155274,225.24880035400392,False,False,HOLD,11481.421357567593,-1.6902643905173198,-0.641224742193095,-6.278316108121222,-8.105586338155012,2.2374865016246748,-2.7944974679736334,-13.92216693718038,1.801263559252912
2025-03-06 00:00:00-05:00,204.39999389648438,205.77000427246094,198.3000030517578,200.6999969482422,49863800,0.0,0.0,-3.6999969482421875,219.6680000305176,224.7970004272461,False,False,HOLD,11481.421357567593,-2.2816142506263013,-0.5913498601089815,-9.450923453260936,-12.006479245347576,-3.6763311766513818,-3.85168550988908,-15.018842992635118,1.882688656400021
2025-03-07 00:00:00-05:00,199.49000549316406,202.27000427246094,192.52999877929688,199.25,59802800,0.0,0.0,-0.2400054931640625,217.68899993896486,224.28360046386717,False,False,HOLD,11481.421357567593,-2.940295461310258,-0.6586812106839566,-9.25420323160093,-12.563914912856799,-0.7224698407026442,-6.1381189251107475,-16.57245803609426,1.8280660965172966
2025-03-10 00:00:00-04:00,195.60000610351562,196.72999572753906,190.85000610351562,194.5399932861328,62350900,0.0,0.0,-1.0600128173828125,215.95849990844727,223.67320037841796,False,False,HOLD,11481.421357567593,-3.4490946867656476,-0.5087992254553897,-11.009821816335595,-14.97543338013563,-2.363867861413893,-5.111701671999159,-15.103644570021757,1.709186446643383
2025-03-11 00:00:00-04:00,193.89999389648438,200.17999267578125,193.39999389648438,196.58999633789062,54002900,0.0,0.0,2.69000244140625,214.13099975585936,223.02400024414064,False,False,HOLD,11481.421357567593,-3.9874634472282158,-0.5383687604625682,-8.922632760936624,-13.446260948505415,1.0537694677220655,-3.5377853807176396,-15.677276806830365,1.6616129626881766
2025-03-12 00:00:00-04:00,200.72000122070312,201.52000427246094,195.2899932861328,198.88999938964844,43679300,0.0,0.0,-1.8300018310546875,212.4375,222.46080017089844,False,False,HOLD,11481.421357567593,-4.5056478099504975,-0.5181843627222817,-6.811554453178134,-11.85117444496145,1.1699491808345508,-4.545018810214307,-14.551467570254118,1.7158636159747827
2025-03-13 00:00:00-04:00,198.1699981689453,198.8800048828125,191.82000732421875,193.88999938964844,41270800,0.0,0.0,-4.279998779296875,210.68550033569335,221.8636001586914,False,False,HOLD,11481.421357567593,-5.0382756860533915,-0.532627876102894,-8.662386404103318,-14.42756246175761,-2.5139524437347016,-3.3931229009186104,-15.305986287151851,1.7498623247367369
2025-03-14 00:00:00-04:00,197.41000366210938,198.64999389648438,195.32000732421875,197.9499969482422,38096700,0.0,0.0,0.5399932861328125,209.0645004272461,221.3966000366211,False,False,HOLD,11481.421357567593,-5.570139562818563,-0.5318638767651711,-5.614803561684318,-11.844710002450503,2.093969555611075,-0.6524482066538551,-14.073012482573311,1.8416340405878429
2025-03-17 00:00:00-04:00,198.77000427246094,199.0,194.32000732421875,195.74000549316406,47341800,0.0,0.0,-3.029998779296875,207.41750106811523,220.9236001586914,False,False,HOLD,11481.421357567593,-6.1134704852150845,-0.5433309223965219,-5.965819580688112,-12.865839357712112,-1.116439246854839,0.6168460205846937,-14.404402762649626,1.8435605841418579
2025-03-18 00:00:00-04:00,192.52000427246094,194.0,189.3800048828125,192.82000732421875,40414900,0.0,0.0,0.3000030517578125,205.72600173950195,220.37560028076172,False,False,HOLD,11481.421357567593,-6.6475592227977875,-0.534088737582703,-6.693285927316824,-14.290837003345505,-1.4917738259935254,-1.9176911765093951,-14.926091984682099,1.8507246362777932
2025-03-19 00:00:00-04:00,193.3800048828125,195.97000122070312,191.9600067138672,195.5399932861328,39442900,0.0,0.0,2.1599884033203125,204.17150115966797,219.80260009765624,False,False,HOLD,11481.421357567593,-7.111425857129769,-0.46386663433198105,-4.414190533853966,-12.408002272977509,1.4106347155876442,-1.6843512060918497,-13.718400444264178,1.9085174313580147
2025-03-20 00:00:00-04:00,193.07000732421875,199.32000732421875,192.3000030517578,194.9499969482422,38921100,0.0,0.0,1.8799896240234375,202.77500076293944,219.14940002441406,False,False,HOLD,11481.421357567593,-7.471797440308051,-0.36037158317828233,-4.013851724642364,-12.413133344442494,-0.3017266841301769,0.5467004806491094,-12.53141032065912,1.8975020864016328
2025-03-21 00:00:00-04:00,192.89999389648438,196.99000549316406,192.52000427246094,196.2100067138672,60056900,0.0,0.0,3.3100128173828125,201.7565010070801,218.63140014648437,False,False,HOLD,11481.421357567593,-7.718424310550997,-0.24662687024294616,-2.8268151997473545,-11.427242579586814,0.6463245885351521,-0.8790049311442782,-9.405298247747417,1.8460398994798295
2025-03-24 00:00:00-04:00,200.0,203.63999938964844,199.9499969482422,203.25999450683594,41625400,0.0,0.0,3.2599945068359375,201.28400039672852,218.25399993896485,False,False,HOLD,11481.421357567593,-7.775344116021714,-0.05691980547071651,0.9721510201265731,-7.376761702915742,3.593082692897376,3.8418252797762786,-4.442674020382686,2.0280278244221006
2025-03-25 00:00:00-04:00,203.60000610351562,206.2100067138672,203.22000122070312,205.7100067138672,31171200,0.0,0.0,2.1100006103515625,200.92950057983398,217.98940002441407,False,False,HOLD,11481.421357567593,-7.826022477546813,-0.05067836152509919,2.3239054873410505,-5.969273691010535,1.2053587883713357,6.68499061301997,-3.331765148596444,2.05209557117568
2025-03-26 00:00:00-04:00,205.83999633789062,206.00999450683594,199.92999267578125,201.1300048828125,32855300,0.0,0.0,-4.709991455078125,200.26850051879882,217.64279998779296,False,False,HOLD,11481.421357567593,-7.982942449724328,-0.15691997217751563,0.42833209521156973,-8.210010791080904,-2.2264360904062586,2.858756156598541,-6.167483482281222,2.0915750028957416
2025-03-27 00:00:00-04:00,200.88999938964844,203.7899932861328,199.27999877929688,201.36000061035156,27317700,0.0,0.0,0.470001220703125,199.8995002746582,217.31480010986328,False,False,HOLD,11481.421357567593,-8.013858157107013,-0.030915707382684232,0.7253180032113448,-7.923519790996422,0.11435177345771042,3.2880244998471087,-3.5355009526691683,2.0200501827181085
2025-03-28 00:00:00-04:00,198.4199981689453,199.25999450683594,191.8800048828125,192.72000122070312,52548200,0.0,0.0,-5.6999969482421875,198.9215003967285,216.70220001220704,False,False,HOLD,11481.421357567593,-8.205131103642204,-0.19127294653519122,-3.2178804154963743,-12.44406322104548,-4.290822091507418,-1.7787092267182558,-9.214244239246428,2.1686091919221466
2025-03-31 00:00:00-04:00,188.19000244140625,191.3300018310547,184.39999389648438,190.25999450683594,63547600,0.0,0.0,2.0699920654296875,198.18349990844726,216.09419982910157,False,False,HOLD,11481.421357567593,-8.28837605767254,-0.08324495403033616,-4.164567239765496,-13.578369635313651,-1.2764667384211892,-6.395749459475065,-7.19930224272638,2.0651033455560657
2025-04-01 00:00:00-04:00,187.86000061035156,193.92999267578125,187.1999969482422,192.1699981689453,41267300,0.0,0.0,4.30999755859375,197.60199966430665,215.41879974365236,False,False,HOLD,11481.421357567593,-8.270773071128259,0.017602986544281052,-2.826664696424577,-12.098039130056074,1.0038913682617334,-6.582085510188806,-5.706577384034139,2.0860637754043827
2025-04-02 00:00:00-04:00,187.66000366210938,198.33999633789062,187.66000366210938,196.00999450683594,53679200,0.0,0.0,8.349990844726562,196.98449935913087,214.72479949951173,False,False,HOLD,11481.421357567593,-8.261877613452473,0.008895457675786034,-0.4971710012781727,-9.547883024925603,1.998228846583383,-2.545622359508082,-5.927244225061723,2.071547341370566
2025-04-03 00:00:00-04:00,183.0,184.1300048828125,176.9199981689453,178.41000366210938,95553600,0.0,0.0,-4.589996337890625,195.86999969482423,213.5927996826172,False,False,HOLD,11481.421357567593,-8.297470707873913,-0.035593094421439986,-9.786444523470967,-19.72019242101497,-8.979129298487255,-11.397495470141738,-11.106125373724396,2.7550962482939587
2025-04-04 00:00:00-04:00,167.14999389648438,178.13999938964844,166.0,171.0,123159400,0.0,0.0,3.850006103515625,194.4574996948242,212.3043997192383,False,False,HOLD,11481.421357567593,-8.40627893157923,-0.10880822370531718,-13.717836078844567,-24.154619718852803,-4.153356599971369,-11.27023717472343,-14.178168130489333,2.870802723691955
2025-04-07 00:00:00-04:00,162.0,183.41000366210938,161.3800048828125,175.25999450683594,109327100,0.0,0.0,13.259994506835938,193.49349975585938,211.1125994873047,False,False,HOLD,11481.421357567593,-8.345830506674638,0.06044842490459246,-10.403689273373935,-20.456810512492822,2.4912248577988017,-7.8839485089237,-9.910557954497056,2.929267699029691
2025-04-08 00:00:00-04:00,185.22999572753906,185.89999389648438,168.57000732421875,170.66000366210938,87710400,0.0,0.0,-14.569992065429688,192.1970001220703,209.81739959716796,False,False,HOLD,11481.421357567593,-8.397968666529737,-0.052138159855099175,-12.61982655444104,-22.944682465017706,-2.6246667744515673,-11.193211589628849,-13.189884103367023,2.9434446738403546
2025-04-09 00:00:00-04:00,172.1199951171875,192.64999389648438,169.92999267578125,191.10000610351562,116804300,0.0,0.0,18.980010986328125,191.80750045776367,208.8763998413086,False,False,HOLD,11481.421357567593,-8.171770193527287,0.22619847300244977,-0.370222046913386,-9.30214189954751,11.977031526306249,-2.5049683898384467,-3.9167345316700963,4.072832147182116
2025-04-10 00:00:00-04:00,185.44000244140625,186.8699951171875,175.85000610351562,181.22000122070312,68302000,0.0,0.0,-4.220001220703125,191.17400054931642,207.75939971923827,False,False,HOLD,11481.421357567593,-7.9829837746619505,0.18878641886533654,-5.492770809823898,-14.644850634458118,-5.170070417193329,1.5750224207806252,-6.5346321155446585,4.19636386677912
2025-04-11 00:00:00-04:00,179.92999267578125,185.86000061035156,178.0,184.8699951171875,50594300,0.0,0.0,4.94000244140625,190.52000045776367,206.76399963378907,False,False,HOLD,11481.421357567593,-7.856299551564113,0.1266842230978371,-3.056204624766005,-11.842919400048206,2.0141230945248445,8.111108255665211,-6.607730251430466,4.194048997380236
2025-04-14 00:00:00-04:00,186.83999633789062,187.44000244140625,179.22999572753906,182.1199951171875,48002500,0.0,0.0,-4.720001220703125,189.83899993896483,205.6527996826172,False,False,HOLD,11481.421357567593,-7.689562100811521,0.16673745075259205,-4.2384169935928435,-12.921593013599198,-1.4875318183769082,3.91418511090047,-6.958214975861043,4.198860876798788
2025-04-15 00:00:00-04:00,181.41000366210938,182.35000610351562,177.92999267578125,179.58999633789062,43642000,0.0,0.0,-1.82000732421875,189.17749938964843,204.4961996459961,False,False,HOLD,11481.421357567593,-7.490946180352445,0.19861592045907628,-5.338550725130227,-13.868368960398852,-1.3891933050343641,5.232621870477505,-6.861326876770846,4.197361779348106
2025-04-16 00:00:00-04:00,176.2899932861328,179.10000610351562,171.41000366210938,174.3300018310547,51875300,0.0,0.0,-1.959991455078125,188.11699981689452,203.14159973144533,False,False,HOLD,11481.421357567593,-7.396121687735764,0.0948244926166808,-7.908562978850295,-16.527045028263295,-2.9288905919567454,-8.775512159521814,-10.846881550231846,4.217900902641382
2025-04-17 00:00:00-04:00,176.0,176.2100067138672,172.0,172.61000061035156,44726500,0.0,0.0,-3.3899993896484375,187.0,201.87039978027343,False,False,HOLD,11481.421357567593,-7.3663101655612575,0.029811522174506777,-8.33671243772967,-16.951740377994703,-0.9866352335440198,-4.751131526517138,-11.459346851809249,4.219078640758896
2025-04-21 00:00:00-04:00,169.60000610351562,169.60000610351562,165.2899932861328,167.32000732421875,48126100,0.0,0.0,-2.279998779296875,185.55550003051758,200.4401998901367,False,False,HOLD,11481.421357567593,-7.4260052962317875,-0.059695130670530006,-10.898572739698494,-19.794520150683724,-3.0647084568839134,-9.493151001515399,-14.724019367564,4.246439281370051
2025-04-22 00:00:00-04:00,169.85000610351562,176.77999877929688,169.35000610351562,173.17999267578125,56607200,0.0,0.0,3.329986572265625,184.05149993896484,199.32079986572265,False,False,HOLD,11481.421357567593,-7.660665588861949,-0.23466029263016175,-6.27757692745528,-15.094588460273748,3.5022621892476513,-4.908852778989859,-14.798781188613608,4.241642436158089
2025-04-23 00:00:00-04:00,183.4499969482422,187.3800048828125,180.19000244140625,180.60000610351562,63470100,0.0,0.0,-2.8499908447265625,182.79599990844727,198.27,False,False,HOLD,11481.421357567593,-7.804509049050658,-0.14384346018870886,-1.2159433724896747,-9.784049445909966,4.284567352780599,0.5623975645752122,-12.206504200487622,4.36893401649888
2025-04-24 00:00:00-04:00,180.9199981689453,186.74000549316406,180.17999267578125,186.5399932861328,43763200,0.0,0.0,5.6199951171875,182.06649932861328,197.34559997558594,False,False,HOLD,11481.421357567593,-7.74230621248352,0.06220283656713832,2.3981420170084737,-5.792648803668852,3.2890293365840373,7.0039530355256785,-7.254020405946138,4.431803817850474
2025-04-25 00:00:00-04:00,187.6199951171875,189.94000244140625,185.49000549316406,188.99000549316406,36414300,0.0,0.0,1.3700103759765625,181.4479995727539,196.5468002319336,False,False,HOLD,11481.421357567593,-7.682038395620006,0.060267816863514234,3.9906903546192884,-3.99851554004154,1.3133978209558528,9.489603629507304,-6.143223619235316,4.445562768452466
2025-04-28 00:00:00-04:00,190.11000061035156,190.22000122070312,184.88999938964844,187.6999969482422,33224700,0.0,0.0,-2.410003662109375,181.19699935913087,195.69340026855468,False,False,HOLD,11481.421357567593,-7.407710678811885,0.27432771680812085,3.4645698960264246,-4.258605993753243,-0.6825802991833552,12.180246672194306,-2.6048174764756404,4.343882554233413
2025-04-29 00:00:00-04:00,183.99000549316406,188.02000427246094,183.67999267578125,187.38999938964844,41667300,0.0,0.0,3.399993896484375,181.0534996032715,194.86760040283204,False,False,HOLD,11481.421357567593,-7.088967468683309,0.3187432101285754,3.3814503479458256,-3.990394918372933,-0.16515586767922308,8.205339712925408,-1.5084595816512447,4.334377763170903
2025-04-30 00:00:00-04:00,182.1699981689453,185.0500030517578,178.85000610351562,184.4199981689453,55176500,0.0,0.0,2.25,180.66599960327147,194.02300048828124,False,False,HOLD,11481.421357567593,-6.884235812968223,0.20473165571508645,2.035570221747231,-5.207137194816971,-1.5849304820837684,2.11516718512188,-4.032887585910583,4.341849567012119
2025-05-01 00:00:00-04:00,190.6300048828125,191.80999755859375,187.5,190.1999969482422,74266000,0.0,0.0,-0.4300079345703125,180.3754997253418,193.29440032958985,False,False,HOLD,11481.421357567593,-6.683535882167199,0.200699930801024,5.165350883561719,-1.6269208364865113,3.1341496782804956,1.9620477076437437,-2.9641333204522557,4.378257008876941
2025-05-02 00:00:00-04:00,191.44000244140625,192.8800048828125,186.39999389648438,189.97999572753906,77903500,0.0,0.0,-1.4600067138671875,180.9539993286133,192.63640014648436,False,False,HOLD,11481.421357567593,-6.064482521988342,0.6190533601788566,4.751024635178146,-1.3982548050769503,-0.11566836184702112,0.5238320575692068,6.485057916002335,3.8439805623916934
2025-05-05 00:00:00-04:00,186.50999450683594,188.17999267578125,185.52999877929688,186.35000610351562,35217500,0.0,0.0,-0.1599884033203125,181.72149963378905,192.0318002319336,False,False,HOLD,11481.421357567593,-5.3690589713224055,0.6954235506659368,2.483770495373895,-3.048990578117714,-1.910722026349243,-0.7192279524111167,8.976611756441887,3.7358885977914564
2025-05-06 00:00:00-04:00,184.57000732421875,187.92999267578125,183.85000610351562,185.00999450683594,29314100,0.0,0.0,0.4399871826171875,182.20899963378906,191.47779998779296,False,False,HOLD,11481.421357567593,-4.840665787153813,0.5283931841685927,1.5139694914932722,-3.495922205823344,-0.7190832051464091,-1.2700810558538111,5.563163474605548,3.714499288566217
2025-05-07 00:00:00-04:00,185.55999755859375,190.99000549316406,185.00999450683594,188.7100067138672,43948600,0.0,0.0,3.1500091552734375,183.11149978637695,190.99600006103515,False,False,HOLD,11481.421357567593,-4.128097065979708,0.7125687211741045,2.9667249898300345,-1.2113789761208118,1.9998985551532122,2.326216564101591,10.576586584103854,3.664212332258853
2025-05-08 00:00:00-04:00,191.42999267578125,194.3300018310547,188.82000732421875,192.0800018310547,41043600,0.0,0.0,0.6500091552734375,183.1604995727539,190.55059997558592,False,False,HOLD,11481.421357567593,-3.878287658909952,0.24980940706975607,4.643639198913582,0.7962316955900275,1.785806262143419,0.9884358112393077,0.5128182607216702,2.5253963334782212
2025-05-09 00:00:00-04:00,193.3800048828125,194.69000244140625,191.16000366210938,193.05999755859375,29663100,0.0,0.0,-0.32000732421875,183.75249938964845,190.23699981689452,False,False,HOLD,11481.421357567593,-3.408643131192927,0.46964452771702536,4.821039203691315,1.462238566973174,0.5102018524557383,1.6212242869359184,6.533493134386981,2.205939570907958
2025-05-12 00:00:00-04:00,210.7100067138672,211.66000366210938,205.75,208.63999938964844,75205000,0.0,0.0,-2.07000732421875,184.94099960327148,190.16419982910156,False,False,HOLD,11481.421357567593,-2.7466790439652233,0.6619640872277035,11.358799777466244,8.855348741658183,8.070031092964335,11.961359031966401,12.857686428451153,2.7869547359236146
2025-05-13 00:00:00-04:00,211.0800018310547,214.83999633789062,210.10000610351562,211.3699951171875,56193700,0.0,0.0,0.2899932861328125,186.40349960327148,190.2911996459961,False,False,HOLD,11481.421357567593,-2.0430267137718463,0.703652330193377,11.811750054719981,9.972463432903481,1.308471882441209,14.247879245992623,16.060839437854526,2.7442728085399266
2025-05-14 00:00:00-04:00,211.4499969482422,211.92999267578125,208.85000610351562,210.25,38492100,0.0,0.0,-1.1999969482421875,187.93649978637694,190.42019958496093,False,False,HOLD,11481.421357567593,-1.3043258036686476,0.7387009101031987,10.61284195653891,9.43153408563095,-0.5298742220089303,11.414335498802131,17.072222444074182,2.715053195190385
2025-05-15 00:00:00-04:00,206.4499969482422,206.8800048828125,202.6699981689453,205.1699981689453,64347300,0.0,0.0,-1.279998779296875,189.47849960327147,190.3563995361328,False,False,HOLD,11481.421357567593,-0.461187506698297,0.8431382969703506,7.648047329392099,7.220158290694326,-2.41617209562649,6.814866833145916,17.690584531616093,2.67993156465909
2025-05-16 00:00:00-04:00,206.85000610351562,206.85000610351562,204.3699951171875,205.58999633789062,43318500,0.0,0.0,-1.260009765625,191.12749938964845,190.45419952392578,True,False,BUY,11481.421357567593,0.35352324464658785,0.8147107513448848,7.03463067554747,7.362127089631787,0.20470740005538168,6.490209747098974,19.10665408198906,2.6500067957179407
2025-05-19 00:00:00-04:00,201.64999389648438,206.6199951171875,201.25999450683594,206.16000366210938,34314800,0.0,0.0,4.510009765625,193.06949920654296,190.59239959716797,True,True,HOLD,11513.254104213005,1.2996843602423462,0.9461611155957583,6.349681908728232,7.551224189177007,0.27725440652370814,-1.1886482624587802,23.213001815514932,2.4864607445199436
2025-05-20 00:00:00-04:00,204.6300048828125,205.58999633789062,202.64999389648438,204.07000732421875,29470400,0.0,0.0,-0.55999755859375,194.61399993896484,190.78299987792968,True,True,HOLD,11396.535737470795,2.008040581962951,0.7083562217206048,4.633707573808513,6.511004542269247,-1.0137739138364021,-3.4536537643015452,17.836941884082535,2.459610629094836
2025-05-21 00:00:00-04:00,201.61000061035156,203.4600067138672,200.05999755859375,201.1199951171875,42460900,0.0,0.0,-0.4900054931640625,195.63999938964844,190.87359985351563,True,True,HOLD,11231.788747042197,2.497149705245117,0.4891091232821658,2.724739389709118,5.094667617559138,-1.4455883280997672,-4.3424517873067785,11.362119778617451,2.3708582598711057
2025-05-22 00:00:00-04:00,201.3800048828125,205.75999450683594,200.16000366210938,203.10000610351562,38938900,0.0,0.0,1.720001220703125,196.46800003051757,190.95779998779298,True,True,HOLD,11342.364849146326,2.885559030883699,0.3884093256385821,3.265389401129739,5.978437100358346,0.9844923599836131,-1.008915574354674,8.877459747723627,2.2860062681857363
2025-05-23 00:00:00-04:00,198.89999389648438,202.3699951171875,197.85000610351562,200.99000549316406,33393500,0.0,0.0,2.0900115966796875,197.06800003051757,191.09980010986328,True,True,HOLD,11224.52931967652,3.1230801482906667,0.2375211174069678,1.9513435272680204,4.920744869394593,-1.0388973643241206,-2.2374584983047563,6.349542119270457,2.2997311884504663
2025-05-27 00:00:00-04:00,203.08999633789062,206.69000244140625,202.19000244140625,206.02000427246094,34892000,0.0,0.0,2.9300079345703125,197.9840003967285,191.26120025634765,True,True,HOLD,11505.435669410786,3.5149837663730423,0.3919036180823756,3.9005939758669443,7.1637723085350515,2.5026113945093353,-0.06790812338065555,9.760259788001191,2.335733995378453
2025-05-28 00:00:00-04:00,205.9199981689453,207.66000366210938,204.41000366210938,204.72000122070312,28549800,0.0,0.0,-1.1999969482421875,198.85050048828126,191.44080017089843,True,True,HOLD,11432.835430735631,3.870491718990006,0.3555079526169638,2.8670870933095194,6.4865186452831,-0.6310081665849121,0.31851515320999724,9.248093221356823,2.344935762099073
2025-05-29 00:00:00-04:00,208.02999877929688,208.80999755859375,204.22999572753906,205.6999969482422,34650000,0.0,0.0,-2.3300018310546875,199.91450042724608,191.6983999633789,True,True,HOLD,11487.564474351155,4.285951507908643,0.4154597889186369,2.8125895025909213,6.806804663388662,0.4787005283780621,2.2772483801951404,11.538878099219207,2.2946844298732265
2025-05-30 00:00:00-04:00,204.83999633789062,205.99000549316406,201.6999969482422,205.00999450683594,51679400,0.0,0.0,0.1699981689453125,200.65500030517578,191.88779998779296,True,True,HOLD,11449.030455631124,4.568920128294006,0.28296862038536297,2.1242838487637474,6.400758436489508,-0.33544115296213484,0.94041769863209,7.786539325036834,2.2207317812554463
2025-06-02 00:00:00-04:00,204.97999572753906,207.0,202.67999267578125,206.64999389648438,29113300,0.0,0.0,1.6699981689453125,201.48850021362304,192.1217999267578,True,True,HOLD,11540.618199948025,4.8753969046907155,0.30647677639670956,2.4976984443787797,7.0303384460800284,0.7999607012299847,2.816054653778699,8.774607086975994,2.2190158690681203
2025-06-03 00:00:00-04:00,207.11000061035156,208.9499969482422,205.02999877929688,205.7100067138672,33139100,0.0,0.0,-1.399993896484375,202.4565002441406,192.3117999267578,True,True,HOLD,11488.123481787696,5.275131490239515,0.39973458554879926,1.5815985433572253,6.513152666289907,-0.4548692041520419,-0.15046963992088047,10.389052844783532,2.160819073899599
2025-06-04 00:00:00-04:00,206.5500030517578,208.17999267578125,205.17999267578125,207.22999572753906,29915600,0.0,0.0,0.67999267578125,203.56750030517577,192.39119995117187,True,True,HOLD,11573.009101884494,5.809153618689629,0.5340221284501139,1.7673577657062023,7.160544362446871,0.7388989179248462,1.2260621785215697,12.010162629285471,2.1414342102215596
2025-06-05 00:00:00-04:00,209.5500030517578,212.80999755859375,207.55999755859375,207.91000366210938,51864200,0.0,0.0,-1.6399993896484375,204.5275001525879,192.43519989013672,True,True,HOLD,11610.984965313468,6.2838297096138325,0.4746760909242038,1.6269075320775102,7.4430299165027,0.32814165352026414,1.0743834451408585,10.174339603174465,2.1159708381907416
2025-06-06 00:00:00-04:00,212.39999389648438,213.8699951171875,210.5,213.57000732421875,39832500,0.0,0.0,1.170013427734375,205.60200042724608,192.68399993896483,True,True,HOLD,11927.074697730455,6.70424139646945,0.42041168685561736,3.730864177420056,9.77946653040427,2.7223334916139486,4.17541244170776,11.188049400408563,2.1557676967025214
2025-06-09 00:00:00-04:00,214.75,217.85000610351562,212.8800048828125,216.97999572753906,38102500,0.0,0.0,2.2299957275390625,206.79800033569336,192.9963998413086,True,True,HOLD,12117.509613729937,7.151221735603945,0.44698033913449553,4.692596364796318,11.053367295825081,1.5966607137600786,4.99879125872571,12.389929799768895,2.1682846670703393
2025-06-10 00:00:00-04:00,216.77999877929688,217.69000244140625,214.14999389648438,217.61000061035156,31303300,0.0,0.0,0.8300018310546875,207.24650039672852,193.49419982910158,True,True,HOLD,12152.692996412658,7.107345119271424,-0.043876616332521046,4.762419091289711,11.082119715826524,0.29035159702168745,5.784839583927814,4.299272070045923,1.2713469400290731
2025-06-11 00:00:00-04:00,217.41000366210938,218.39999389648438,212.88999938964844,213.1999969482422,39326000,0.0,0.0,-4.2100067138671875,207.33800048828124,193.9529998779297,True,True,HOLD,11906.411021924572,6.9011567847755915,-0.20618833449583285,2.749529335773886,9.027672301039017,-2.0265629565462184,2.8808576672232133,0.8657812713862789,1.3378157817342087
2025-06-12 00:00:00-04:00,211.77999877929688,213.5800018310547,211.3300018310547,213.24000549316406,27640000,0.0,0.0,1.4600067138671875,207.48750076293945,194.37440002441406,True,True,HOLD,11908.645347379768,6.74631059279326,-0.1548461919823314,2.6976667520340247,8.847122951961651,0.018765734284498237,2.5636100895447544,1.422119140625,1.3308720894770154
2025-06-13 00:00:00-04:00,209.9600067138672,214.0500030517578,209.6199951171875,212.10000610351562,29337800,0.0,0.0,2.1399993896484375,207.83400115966796,194.69620025634765,True,True,HOLD,11844.980706234428,6.747846586642351,0.0015359938490906444,2.011317690281269,8.205471639012602,-0.534608591390695,-0.6882994663532149,3.3776906937747597,1.2058345235356076
2025-06-16 00:00:00-04:00,212.30999755859375,217.05999755859375,211.60000610351562,216.10000610351562,33284200,0.0,0.0,3.790008544921875,208.35950164794923,195.4500003051758,True,True,HOLD,12068.365531606916,6.605014746797918,-0.14283183984443237,3.5819084853975247,9.555763634938597,1.8859028217320217,-0.4055625593837875,5.1121211891806295,1.2652865894707948
2025-06-17 00:00:00-04:00,215.1999969482422,217.41000366210938,214.55999755859375,214.82000732421875,32086300,0.0,0.0,-0.3799896240234375,208.7925018310547,196.32640045166016,True,True,HOLD,11996.882455659359,6.349681627491538,-0.25533311930638014,2.805839906739691,8.608884760276062,-0.5923177895162723,-1.2821071082705027,4.200622578714586,1.2794214295711621
2025-06-18 00:00:00-04:00,215.08999633789062,217.9600067138672,212.33999633789062,212.52000427246094,44360500,0.0,0.0,-2.5699920654296875,209.2150016784668,197.07160064697266,True,True,HOLD,11868.43601064108,6.1619233779134985,-0.18775824957803966,1.5551489401237601,7.26915269853029,-1.0706651956707725,-0.3189459125303551,4.140734377892752,1.282353986802831
2025-06-20 00:00:00-04:00,214.67999267578125,214.88999938964844,208.27000427246094,209.69000244140625,75350700,0.0,0.0,-4.989990234375,209.64350204467775,197.8522006225586,True,True,HOLD,11710.391144432588,5.95965138877244,-0.20227198914105848,0.02217578148080659,5.645382078792952,-1.3316402099383007,-1.6647922342468813,4.261141374444266,1.2748383527703695
2025-06-23 00:00:00-04:00,209.7899932861328,210.38999938964844,207.30999755859375,208.47000122070312,37311700,0.0,0.0,-1.3199920654296875,209.9120018005371,198.19960052490234,True,True,HOLD,11642.258704522339,5.9093970142301995,-0.050254374542240576,-0.6917065147936345,4.926560481441987,-0.5818118205440093,-1.7114591128492784,2.6440152416590923,1.273288211162777
2025-06-24 00:00:00-04:00,212.13999938964844,214.33999633789062,211.0500030517578,212.77000427246094,38378800,0.0,0.0,0.6300048828125,210.50100173950196,198.8306005859375,True,True,HOLD,11882.397562226863,5.869519640926868,-0.039877373303331076,1.0664109072693468,6.551395124602921,2.062648355436747,-1.5409540661741383,5.860987341332025,1.3107009338174818
2025-06-25 00:00:00-04:00,214.6199951171875,216.02999877929688,211.11000061035156,211.99000549316406,31755700,0.0,0.0,-2.6299896240234375,210.79950180053712,199.37300079345704,True,True,HOLD,11838.837589450864,5.73121784875852,-0.13830179216834804,0.561584820877481,5.951697897434075,-0.3665924536515264,-1.3173828016789346,2.897777447285077,1.2092538168672227
2025-06-26 00:00:00-04:00,213.1199951171875,218.0399932861328,212.00999450683594,217.1199951171875,50480800,0.0,0.0,4.0,211.41950149536132,200.07300079345703,True,True,HOLD,12125.328048532154,5.6711803476260725,-0.06003750113244788,2.6255037536959325,7.8514161325996685,2.4199205109171285,2.1644978130290093,6.057050519023921,1.2949643385490512
2025-06-27 00:00:00-04:00,219.9199981689453,223.3000030517578,216.74000549316406,223.3000030517578,119217100,0.0,0.0,3.3800048828125,212.29950180053712,200.94720092773437,True,True,HOLD,12470.4580468483,5.64939487606265,-0.021785471563422476,4.926332781406606,10.010211293567414,2.8463559660798277,6.490533860408831,8.556152826751905,1.4146249960517108
2025-06-30 00:00:00-04:00,223.52000427246094,223.82000732421875,219.1199951171875,219.38999938964844,58887800,0.0,0.0,-4.1300048828125,213.01850204467775,201.84840087890626,True,True,HOLD,12252.099175531777,5.533906197489619,-0.11548867857303069,2.904187685262066,7.995623574248412,-1.7510092291414314,5.238162855568129,7.014294555445688,1.48796392453905
2025-07-01 00:00:00-04:00,219.5,221.8800048828125,217.92999267578125,220.4600067138672,39256800,0.0,0.0,0.9600067138671875,213.70900268554686,202.80540100097656,True,True,HOLD,12311.85502534875,5.376386245511184,-0.15751995197843538,3.0622352457252635,8.008076374507402,0.487719279454657,3.6142324044694085,6.682803399597748,1.4846285930825893
2025-07-02 00:00:00-04:00,219.72999572753906,221.60000610351562,219.05999755859375,219.9199981689453,30894200,0.0,0.0,0.19000244140625,214.41950225830078,203.85740081787108,True,True,HOLD,12281.697596721993,5.181122391463248,-0.19526385404793611,2.5011349383601673,7.303836615501762,-0.24494626166946531,3.740738935938648,6.907778421709709,1.4794881743793222
2025-07-03 00:00:00-04:00,221.82000732421875,224.00999450683594,221.36000061035156,223.41000366210938,29632400,0.0,0.0,1.589996337890625,215.2285026550293,204.86200103759765,True,True,HOLD,12476.601163631864,5.060236434734971,-0.12088595672827651,3.662101460529928,8.302225648124589,1.5869432167251007,2.8970194760399304,7.807753833013331,1.503335515624984
2025-07-07 00:00:00-04:00,223.0,224.2899932861328,222.3699951171875,223.47000122070312,36604100,0.0,0.0,0.470001220703125,216.006502532959,205.7194009399414,True,True,HOLD,12479.951799669174,5.0005500434161,-0.05968639131887166,3.3398212945696657,7.94316918772059,0.026855359030597548,0.07612994474788248,7.484006197162829,1.5054673229339846
2025-07-08 00:00:00-04:00,223.9199981689453,224.0,218.42999267578125,219.36000061035156,45692000,0.0,0.0,-4.55999755859375,216.29600219726564,206.37580108642578,True,True,HOLD,12250.423857513122,4.80686255782745,-0.1936874855886499,1.3967899364335326,5.91912813995181,-1.8391733064396676,-0.013673722312013137,2.711051686833099,1.4759300477205075
2025-07-09 00:00:00-04:00,221.07000732421875,224.2899932861328,220.47000122070312,222.5399932861328,38155100,0.0,0.0,1.4699859619140625,216.57400207519532,207.04680084228517,True,True,HOLD,12428.01438465442,4.6014723213073765,-0.20539023652007327,2.6808624925528157,6.961981176986527,1.4496684294917905,0.9434756912464426,2.5624470771837604,1.4686644177373631
2025-07-10 00:00:00-04:00,221.5500030517578,222.7899932861328,219.6999969482422,222.25999450683594,30370600,0.0,0.0,0.709991455078125,216.80650177001954,207.73800079345702,True,True,HOLD,12412.377515049984,4.365354890258549,-0.23611743104882787,2.4536546709257974,6.533786588810643,-0.12581953255335065,1.0640216248515078,2.1368475177804713,1.4693222765059695
2025-07-11 00:00:00-04:00,223.5800018310547,226.67999267578125,222.3699951171875,225.02000427246094,50518300,0.0,0.0,1.44000244140625,217.39750213623046,208.49060089111327,True,True,HOLD,12566.51358993011,4.272087665845866,-0.0932672244126822,3.3874775537738087,7.345748407920821,1.2417933203629827,0.7206483970997768,5.544093571018327,1.398534913874614
2025-07-14 00:00:00-04:00,225.07000732421875,226.66000366210938,224.24000549316406,225.69000244140625,35702600,0.0,0.0,0.6199951171875,218.02000198364257,209.3160009765625,True,True,HOLD,12603.930445922544,4.158306563507623,-0.11378110233824312,3.3984670897218705,7.255084978385246,0.29775049161142597,0.993422476652972,5.838490258640183,1.3971891597529966
2025-07-15 00:00:00-04:00,226.1999969482422,227.27000427246094,225.4600067138672,226.35000610351562,34907300,0.0,0.0,0.1500091552734375,218.73250198364258,210.03900115966798,True,True,HOLD,12640.78914662392,4.138993604033546,-0.019312959474077296,3.365365104690728,7.206098742665026,0.2924381474455062,3.1865451648955823,6.718528802420343,1.3835671042012028
2025-07-16 00:00:00-04:00,225.8800048828125,226.10000610351562,222.17999267578125,223.19000244140625,39535900,0.0,0.0,-2.69000244140625,219.0870018005371,210.7032012939453,True,True,HOLD,12464.314930064738,3.978962092225559,-0.16003151180798714,1.8383442788600244,5.594695555746982,-1.3960696164789232,0.29208644508120774,3.280886690255058,1.3845324770123029
2025-07-17 00:00:00-04:00,223.32000732421875,224.5,222.50999450683594,223.8800048828125,31855800,0.0,0.0,0.55999755859375,219.5400016784668,211.45380126953125,True,True,HOLD,12502.84894878477,3.8240979166075215,-0.15486417561803734,1.9385398917681005,5.55038562724063,0.30915472640284936,0.7288807774746608,4.217483125265842,1.3730141706906838
2025-07-18 00:00:00-04:00,225.13999938964844,226.39999389648438,222.97999572753906,226.1300048828125,37833800,0.0,0.0,0.9900054931640625,220.2205017089844,212.2762014770508,True,True,HOLD,12628.502913056795,3.742435645944256,-0.0816622706632657,2.6133211189247527,6.126477294749617,1.0050026580880944,0.4932897472562203,6.40410330168395,1.3489007875469514
2025-07-21 00:00:00-04:00,225.83999633789062,229.69000244140625,225.64999389648438,229.3000030517578,40297600,0.0,0.0,3.4600067138671875,221.20100173950195,213.0880014038086,True,True,HOLD,12805.535284907035,3.807347331734067,0.0649116857898111,3.532054602907158,7.070214318440211,1.4018476542235536,1.5995394440605715,9.351900606625808,1.3107444643497137
2025-07-22 00:00:00-04:00,229.67999267578125,230.0,226.35000610351562,227.47000122070312,37483700,0.0,0.0,-2.209991455078125,222.15100173950196,213.79580139160157,True,True,HOLD,12703.336625041662,3.908028265062368,0.10068093332830097,2.33833008865217,6.01142997130164,-0.7980819043607368,0.49480675369422134,9.114021148723971,1.320613040415033
2025-07-23 00:00:00-04:00,228.47000122070312,228.7899932861328,227.08999633789062,228.2899932861328,28294900,0.0,0.0,-0.1800079345703125,222.92700119018554,214.50040130615236,True,True,HOLD,12749.130071127373,3.9284774446673665,0.02044917960499859,2.3492015654078364,6.040383891332871,0.3604836070819184,2.285044486284926,7.294256099087115,1.2645560111136727
2025-07-24 00:00:00-04:00,229.1699981689453,236.0,228.63999938964844,232.22999572753906,42902300,0.0,0.0,3.05999755859375,223.9390007019043,214.97220123291015,True,True,HOLD,12969.16426046255,4.171143718847221,0.2426662741798542,3.5701654300343173,7.431337386267881,1.725876103762447,3.729672441760612,9.547615316717216,1.2876091363974604
2025-07-25 00:00:00-04:00,232.22000122070312,232.47999572753906,231.17999267578125,231.44000244140625,28712100,0.0,0.0,-0.779998779296875,224.65500106811524,215.37360137939453,True,True,HOLD,12925.046132395497,4.309441653608664,0.13829793476144303,2.931645913289675,6.941929179282331,-0.340177109187767,2.3482056533566054,6.595434619685636,1.2127738828402488
2025-07-28 00:00:00-04:00,233.35000610351562,234.2899932861328,232.25,232.7899932861328,26300100,0.0,0.0,-0.5600128173828125,225.12950057983397,215.8244012451172,True,True,HOLD,13000.437999671421,4.311421359695439,0.0019797060867752236,3.290731099804182,7.287938713139798,0.5833005662313484,1.522019270792252,4.249883611589267,1.0614609374569495
2025-07-29 00:00:00-04:00,234.14999389648438,234.72000122070312,230.30999755859375,231.00999450683594,33716200,0.0,0.0,-3.1399993896484375,225.71050033569335,216.341201171875,True,True,HOLD,12901.031820552304,4.330797422343412,0.019376062647973313,2.2940540656935795,6.34985225045181,-0.7646371539299812,1.5562462158243529,5.296501731854142,0.9855734528174318
2025-07-30 00:00:00-04:00,231.63999938964844,231.8000030517578,229.2899932861328,230.19000244140625,32993300,0.0,0.0,-1.4499969482421875,226.1970001220703,216.8332012939453,True,True,HOLD,12855.238374466593,4.318434064639005,-0.012363357704407107,1.7346549706703023,5.802511406141911,-0.3549595623255297,0.8322787731182002,4.413496975062481,0.9934419025547534
2025-07-31 00:00:00-04:00,235.77000427246094,236.52999877929688,231.39999389648438,234.11000061035156,104357300,0.0,0.0,-1.660003662109375,226.90650024414063,217.39220123291017,True,True,HOLD,13074.155401074175,4.3765594889197565,0.0581254242807514,3.0769725118237505,7.141001808490103,1.7029402351838252,0.8095443816044323,6.452347471604347,1.0397740901945682
2025-08-01 00:00:00-04:00,217.2100067138672,220.44000244140625,212.8000030517578,214.75,122258800,0.0,0.0,-2.4600067138671875,226.47350006103517,217.60580108642577,True,True,HOLD,11992.97281218551,4.075120667894071,-0.30143882102568575,-5.459138561599612,-1.329825884249486,-8.269617085933035,-7.211373256717657,-3.8762828522248993,2.1499803786925544
2025-08-04 00:00:00-04:00,217.39999389648438,217.44000244140625,211.4199981689453,211.64999389648438,77890100,0.0,0.0,-5.75,225.88249969482422,217.81640106201172,True,True,HOLD,11819.849231663637,3.7031640379165487,-0.3719566299775221,-6.724548173292555,-2.91349272069588,-1.443541840985152,-9.081146097059378,-5.2893038258612135,2.167796691079864
2025-08-05 00:00:00-04:00,213.0500030517578,216.3000030517578,212.8699951171875,213.75,51505100,0.0,0.0,0.6999969482421875,225.60199966430665,218.0294009399414,True,True,HOLD,11937.126605842386,3.4732007205079607,-0.229963317408588,-5.544795164587905,-2.0020589192708353,0.9922070229506863,-7.471535828431519,-2.557440096071384,2.1508072935600557
2025-08-06 00:00:00-04:00,214.6999969482422,222.64999389648438,213.74000549316406,222.30999755859375,54823000,0.0,0.0,7.6100006103515625,225.5904998779297,218.45580078125,True,True,HOLD,12415.169995796236,3.2659691668357227,-0.207231553672238,-1.4756431808566337,1.733703755868162,4.004677220394748,-3.4232611317767003,-0.10335028960091197,2.317522444821883
2025-08-07 00:00:00-04:00,221.0,226.22000122070312,220.82000732421875,223.1300048828125,40603500,0.0,0.0,2.1300048828125,225.6340003967285,218.79800079345702,True,True,HOLD,12460.964294027428,3.1243428086550935,-0.14162635818062919,-1.1222137135841967,1.9414708889692538,0.368857601198358,-4.690101105853217,0.39143813438267117,2.318509991796099
2025-08-08 00:00:00-04:00,223.13999938964844,223.8000030517578,221.8800048828125,222.69000244140625,32970500,0.0,0.0,-0.4499969482421875,225.5175003051758,219.1574008178711,True,True,HOLD,12436.391826893177,2.902069226760999,-0.22227358189409463,-1.2697013035030627,1.586331485386125,-0.19719555047620352,3.697323604845759,-1.0354643084236392,2.3017140339714044
2025-08-11 00:00:00-04:00,221.77999877929688,223.0500030517578,220.39999389648438,221.3000030517578,31646200,0.0,0.0,-0.4799957275390625,225.29800033569336,219.4694009399414,True,True,HOLD,12358.765634162057,2.6557685813098693,-0.24630064545112962,-1.806596126887758,0.8272038348721854,-0.6241858073597895,4.559418584246755,-1.945145705241491,2.304119874928729
2025-08-12 00:00:00-04:00,222.22999572753906,223.5,219.0500030517578,221.47000122070312,37185800,0.0,0.0,-0.7599945068359375,225.05400009155272,219.79860107421874,True,True,HOLD,12368.259386982929,2.391006581320056,-0.2647619999898132,-1.6182773518287965,0.7546846693782129,0.07681796954406295,3.6116964775219307,-2.1559552689301653,2.3028285851419534
2025-08-13 00:00:00-04:00,222.0,224.9199981689453,222.0,224.55999755859375,36508300,0.0,0.0,2.55999755859375,225.12249984741212,220.15680114746092,True,True,HOLD,12540.823960068261,2.2555281844893664,-0.13547839683068963,-0.25049086878066656,1.9608106782170374,1.395221168040428,1.0121002315278016,0.6138245899016681,2.3036359998450058
2025-08-14 00:00:00-04:00,227.39999389648438,233.11000061035156,227.02000427246094,230.97999572753906,61476600,0.0,0.0,3.5800018310546875,225.47749938964844,220.66220092773438,True,True,HOLD,12899.356502533648,2.1822035861461617,-0.0733245983432047,2.3822393452553747,4.466964668219762,2.858923333961183,3.5181242652010614,3.171337631711668,2.3873757473351453
